voltage,frequency,load,power_flow,temperature,grid_status
246.94848792003714,49.105467659470825,840.608775932962,624.722045159019,39.72020187497536,unstable
245.01619518810867,49.7614725755188,647.0823641517029,624.0956188694213,24.859800756016067,unstable
211.82881186611758,49.634822353474746,695.7534506944817,695.3171238684216,38.231814382842224,stable
236.5420267585665,50.076882252382696,770.2803072241904,605.3395114551905,27.899675725655456,stable
247.53930507207014,50.69035571988132,303.5279037919951,251.80145028451886,20.20716315896655,unstable
249.7149956962567,50.3178431023548,898.495514203202,435.4568955363815,21.647774104692342,unstable
229.79689858477872,49.131670961140436,280.6247854889748,624.288685024084,28.498237028736742,unstable
233.50811789262895,50.9766595321451,791.9239252361608,262.93971980996486,39.872647605607085,stable
212.76369226573848,49.608122789272265,491.78410899085986,501.47813510635154,29.781908183587635,stable
229.6419662146231,49.70775401915028,432.42199110085915,318.10388179801464,32.84354737325326,stable
216.66032777738695,49.3727502104895,697.7316438519288,333.29005701181893,37.51543529555019,stable
244.14597510425256,49.78484057007027,783.8207191544656,393.7650194573886,34.20401926060382,stable
232.05126144701038,49.838970118935435,759.6773409182489,441.19437995282385,34.29971399355081,stable
222.44592233928856,50.801369521129665,809.1264254754471,438.20449607809394,27.44503389921765,unstable
241.30632768322354,50.542322184021344,807.8397703572045,215.16266274236344,22.047013492697086,unstable
217.7448700649043,50.07400123063943,604.8875896474672,378.51726526413063,27.897457726728394,stable
235.16233091368895,49.29935279781667,628.804306502406,310.0208812492363,21.87153518573696,stable
238.82128947677325,49.37016581049572,382.5313485915466,390.1776963717558,35.15526377237644,stable
246.96094381500748,50.54317882059949,560.2232829682987,164.16488579810283,23.780380983383086,unstable
244.89652117508052,50.88848465413701,741.6075722005212,446.57547890861866,33.801208867822794,stable
245.36714215509136,49.31830970765017,447.2095512576519,505.4804922088648,24.331610213976532,unstable
248.23368735406927,49.818217956122496,794.8298976766907,416.51728188239525,37.125811536551794,unstable
228.20684529035256,49.525785386271636,538.0710557736309,412.991195876091,37.502013058391654,stable
228.41662821205927,50.848475435387485,543.3348431712709,661.457858470256,23.172362500835447,stable
210.31429208445917,49.037262358076205,389.87365818992345,336.186451608811,24.338809418347605,unstable
245.1353221076596,49.131754288089994,810.5219344303073,409.34773665701306,38.74326327018877,unstable
239.81671983025444,50.374157071028144,615.6455887289292,308.1006684004313,37.09113843340886,stable
225.90652429571804,50.65226765233909,833.7916020198713,274.421172426834,22.146674494865252,unstable
215.12480088946828,50.924663562684074,894.9309742708235,479.5339498143657,24.834186963474284,unstable
235.03627864294958,49.5242664160308,774.9812721957493,449.3625389855877,32.80197787267724,stable
214.87317450533294,49.072795848529154,242.72882514885677,251.24042144164568,36.005700548835534,unstable
241.10280820965937,49.45932575402024,849.0652420268474,384.4497135147656,32.86969979315734,unstable
215.30152931904988,50.8805213396256,461.1217874353574,671.4127928287659,28.802814915838788,stable
224.086125903897,50.15770863826834,616.8736830088956,486.76036553720314,21.575172578844388,stable
212.8858472189661,50.05523007553842,737.7600361001345,494.16240622294316,36.3600385103501,stable
238.81992407770292,49.458199565683124,562.6511379068666,321.67636695661116,27.421546610197503,stable
226.99788883054637,49.19728168560225,790.6543003441526,169.41592213512237,30.649128743421212,unstable
218.1146702209467,50.36420388043964,509.40172791625366,159.55458696000812,31.717674265276965,stable
220.87658226788017,49.29646985960766,293.4619738041594,795.1732248478429,36.61936777637864,stable
247.18000932163645,49.09091460857047,530.5995959212182,651.5073346236384,39.1954790483408,unstable
219.92426409301234,50.881264385464206,600.8619543264992,553.0947816308756,33.53311845255338,stable
213.8899394211117,50.022548830989265,866.209512732144,702.4758343939507,38.4466677949519,unstable
238.98549580161438,50.38165906469299,384.77085685025804,514.585558476242,25.774450028084047,stable
242.87628037664757,49.37056933775223,393.4454086993322,660.837499164969,37.141333068694436,stable
234.28894333325434,49.0240397656346,305.16959721894534,174.33569610694457,21.78508539427039,unstable
223.77656554148447,49.39531705745565,737.3873514663281,729.3973078357773,34.343373690996145,stable
234.14505759657374,49.275227040086826,442.65311622859303,484.34809301454885,35.700610978452744,stable
214.73444712549363,50.93437836953544,419.3037204937662,211.66276841942022,29.818268776532665,stable
235.8868132952456,50.771791763777124,707.4411343121982,691.9228235053529,39.95981681726116,stable
226.3797717150133,49.719561913481996,276.30140464904673,385.7308840779805,26.264014204757764,stable
214.33505397900115,50.51592298820611,632.8909941930768,444.36115974398496,38.120316755432725,stable
219.62814038993253,50.94972253903874,616.8648720158718,523.6066893606221,27.605818555238443,stable
213.94041813049242,49.18940991869197,249.64184507329864,557.1030959149923,29.300200670162887,unstable
220.08128891385581,50.56957104646655,580.054157164473,454.9694920465979,30.45145923560121,stable
233.89283780949208,49.253609061815766,862.178192375018,624.8694445316369,37.07135064374909,unstable
212.09757487909258,50.412544921021045,586.0662066412563,356.5814687112139,34.75726443129119,stable
214.83704362024082,49.34515898547212,302.3349813458448,349.9665252229089,23.884350024985686,stable
246.25770903633298,50.70287620194211,239.62068734724187,532.4363152767386,34.87202359040108,unstable
218.6244279833204,49.80649735086534,827.6384212494172,469.5475790355626,35.8992519900635,unstable
223.71287540271015,50.02831727722086,275.54983913361605,474.4492756278928,38.52924595960461,stable
245.50066523787268,49.796769723905285,837.3430745391225,330.2807337140247,22.965679326125283,unstable
232.6875576066583,49.047887578254624,228.93675221910152,743.4352122929755,26.895713938637176,unstable
222.19516619220173,49.36916061814633,279.91623815377886,349.27754730153765,30.04988380272458,stable
243.82201781259403,49.922261201285295,767.3666825273949,659.8081749948819,24.86669197409922,stable
220.86790857656803,49.715418487335285,587.2898948703981,220.88608428080613,32.59123397798394,stable
227.53533745241396,50.46316444439001,208.55510404439656,314.12551213341385,27.96482445346482,stable
240.43709043309894,50.93859271687152,728.8812146824256,651.7504102480412,29.619640619159306,stable
219.82364751101426,50.11725356601877,591.0317736263084,381.93587499014814,28.86379905132353,stable
240.19721981842736,49.95929615933341,615.4235675809471,674.5626378407286,23.368338457125756,stable
234.85261585297704,49.831745374963084,805.0070340558653,448.1483325889952,27.706526817674764,unstable
223.5921244100592,50.30906125982577,738.2997659234711,440.388551496541,30.131038963747294,stable
223.60592889497522,49.598712141557314,286.9835382959273,694.2737225234366,38.18875042847179,stable
245.3570676497484,49.01001290916157,260.54735065551466,203.73697974244027,37.300460951853566,unstable
227.41460803718314,50.66946061576049,603.9835848783505,296.715152035596,37.99269617014471,stable
211.27381567529747,50.456731318910094,379.92890640935263,736.4123794305978,24.296888489344024,stable
244.6434691213014,49.771627577326804,240.65270027939573,777.9822814993985,35.96196018960422,stable
211.85924560917036,49.79656629063624,590.8437198532733,564.3092001316536,22.18510644215174,stable
234.01870920028776,50.13561739561198,836.4474954167936,438.2037513894267,31.05062515342354,unstable
223.06930720584447,50.42926098315012,234.97080761300828,701.9522243266924,20.884046899479635,stable
223.26039500928061,49.05326449892887,339.8973461594376,379.6561609525495,32.031468480005614,unstable
218.84438082727675,50.54437764048232,742.9055536083288,726.526693300184,20.43327351343929,stable
232.6180702422381,49.68089060726916,852.2562492487253,597.938175063309,28.065270772933115,unstable
229.23479766441906,50.12394515544556,480.355547609213,394.96908157386326,34.94178472429225,stable
232.50649443297215,50.25338372537955,203.3304840216317,303.5098246939189,27.8916218804462,stable
246.12935256144587,50.63611301763551,273.7093336565114,511.4388437308566,32.19802170241826,unstable
215.083987620849,49.081119025759094,870.6979902619818,660.0423317355222,22.070997456147875,unstable
240.53428180925917,50.80739673887345,772.6055042743677,233.08609182153964,26.57893992596086,stable
219.93629065790344,50.88700828309419,349.66008192808306,521.8361123129067,36.31213965791389,stable
248.5552563989573,49.42105186226409,695.5340858922298,433.99957270820863,29.25033836215641,unstable
236.50803866525882,49.34064557062917,466.06217406840705,610.498718055444,28.699711203878365,stable
216.62760224788065,49.356381495654304,832.0830245616509,560.6975917269167,29.92893425877729,unstable
233.99579153052548,49.68051094902435,599.136120735292,202.4540540570285,28.84515150535072,stable
212.26460906837556,50.7517001853672,882.4336263223751,327.2601068646409,27.4360658272393,unstable
229.6884894831333,49.952240636356734,331.55173935724247,165.3662111388713,38.33033489666995,stable
218.76065080335272,49.275470367956345,772.2876790571864,676.5731809989647,25.018965833166778,stable
231.14693607283195,49.06109174038127,756.8340541117892,486.42651943918855,30.26384379029188,unstable
216.578446579408,50.79181221125108,455.42894500825065,323.1433672506298,38.21179398739183,stable
242.79875483240113,49.94696643077683,348.87143847378695,396.47968720666347,35.9531922733781,stable
226.51998811997157,50.615079150211066,849.5536057392471,541.6399053814491,27.959080013355173,unstable
240.74173762573358,50.53549659773066,578.1376068021336,745.3899641203665,22.99780018692988,stable
234.14123595403433,50.84990251649535,478.41158690879536,592.8849318271905,21.109347556753914,stable
222.3979357910381,49.74209720547542,773.3832378052298,664.911414693665,30.05012005333552,stable
236.38788663052244,49.76591210600615,329.8402144751193,332.3533198192363,38.11488878565859,stable
238.55609522397774,49.49165316367301,229.17501363208072,181.49185810137033,26.886862413590627,stable
249.7213912465735,50.48653794826763,596.3454553844617,602.882936879746,31.19918892676344,unstable
229.91357537758162,49.51912292375087,558.2218980804621,182.07677443196485,34.38178029839413,stable
223.56116307841864,50.04784123865728,785.0653607877085,231.27668721415,30.02909638687993,stable
224.71818786683377,49.33872421341222,692.6920702756111,732.9607915664726,34.04894050451187,stable
220.4622986768189,49.53240684917929,308.3345870362349,385.6665127711298,22.766053211022456,stable
223.42237267375518,50.857980982009295,703.6586433239082,162.40592228401403,32.24264829306179,stable
225.28945565798617,50.053505983918015,383.8586468072633,340.6504947764767,38.120543474709955,stable
247.5252557511827,49.146832682922756,590.3441941582568,757.1633725480515,30.089560774379365,unstable
220.1486206544727,49.549479826794226,848.2274139413859,439.5448499937671,25.460886240771053,unstable
242.20196267015936,50.73062265996408,630.3221093235882,777.9726560174311,27.29898060167976,stable
239.96027378154193,49.053216238919,610.9874198764139,657.1687059105054,27.129680703871724,unstable
227.48617474746413,50.93241197683095,377.04847376647336,192.803189817602,35.32724008653792,stable
243.46634031237664,50.64913603684032,878.445714379725,770.4957662448337,36.89737569400782,unstable
230.8965946292543,50.13729188685042,606.6420415159685,250.8723138480455,36.08607139317982,stable
210.65668217111704,49.44813220281676,723.077638144675,494.3908365618689,20.47455663689248,stable
210.48948895893372,50.96185870620258,730.6687041945271,574.7239897479458,39.24276772558602,stable
224.19712066558395,50.454286992703565,508.6008840132399,269.6391235010036,29.66751732284874,stable
242.54434025447665,50.01211711452043,749.8856193069155,470.9032633702639,30.256562059807557,stable
239.9091425731935,50.42016753367326,746.03873973659,540.0756809806878,28.33126577570198,stable
224.08793011837164,50.28991117147817,622.8874153877471,175.25287623753235,31.92456586541639,stable
222.23289036307932,50.3968593955285,649.0349598847366,580.6732712746611,26.429722531933603,stable
247.0743561432714,50.23623081821247,626.3738605409537,376.03533672510184,35.72341316901425,unstable
249.27143153234752,49.23868982127354,345.88749003252155,641.7081800855833,39.96273335067556,unstable
238.93435961264217,50.36436089656531,328.9485536777222,172.34660667416108,31.253594987257948,stable
235.40210831410928,50.11973348924941,676.5690759128543,531.9847394238177,33.74255258013449,stable
221.64852527519182,49.588878220546704,272.6026792262927,637.2937235113473,38.72218833531677,stable
238.57192472353714,49.24505790428384,358.1135574793419,350.1307016378648,34.99721188306097,stable
233.772301633641,49.205567218970884,233.55432034451195,773.9388773438607,22.67237544345451,stable
233.2016585856082,50.81601616552328,572.0380735392043,339.7212792464129,20.312107858490684,stable
232.0236906254949,49.24113629765907,231.23444074960034,514.7510151730605,24.44451319701306,stable
235.94057732726515,50.92393350309456,400.8949109330932,642.1683318314406,21.6893267550885,stable
217.9179370870119,50.71451752886412,885.8205316109156,529.6114868400057,34.01284217326361,unstable
212.12064002714652,49.11244211992066,566.2976247530216,161.36426316905437,29.555954724924817,unstable
210.4923172669768,50.44191342442477,281.0327549184263,164.18824919061083,29.405528398992722,stable
248.11957865186486,49.614846064657165,366.84135918760614,320.59425273505894,31.747094996950803,unstable
242.30092542043587,49.69639215912504,430.0944204854302,151.7738292291286,22.785000288898132,stable
216.58966895014692,49.99532775091206,332.6820070249663,767.1264304957821,34.54642628268236,stable
234.58617406023026,50.031937618771906,298.55036303056215,790.6709456747848,35.856981202511164,stable
246.76094843115857,49.10433894827977,555.9284471957177,412.0523349204451,38.13661809753388,unstable
239.1459950163404,49.488259119925296,222.0377167742277,749.5335908712631,38.07813115307899,stable
241.6559240194594,50.844015470687765,542.3422700671874,241.34621065059366,24.732130834729986,stable
231.8125749028871,49.75736625222788,421.1572546559844,627.3324728134822,36.246680245760565,stable
233.19357840160058,49.1481547988448,736.100799572862,293.81672502569245,35.09739489503725,unstable
227.75688137384674,50.27037924351197,849.9302031223008,317.8559165520577,32.612862810159896,unstable
239.6779866138073,49.99425062303103,444.86999984276383,301.81080199738005,28.943995501884697,stable
222.7688624608155,49.63858145953603,765.3698285776251,693.4665346650754,29.93356077674384,stable
218.74875092271134,50.39413073394215,309.24727160977557,336.8559656473799,32.93681217181894,stable
212.4089477071375,49.96898937180241,593.3350555734123,582.8797824046612,23.65713707838327,stable
222.9864104405655,49.74305742009327,505.8791148830124,594.1298026747398,32.95849321523384,stable
234.0591657138449,50.158830576094125,340.15868747951004,348.4500051799213,25.998077747715904,stable
236.57928535225653,50.53765503716034,228.45260182816844,696.2220014623206,31.073435779805145,stable
215.84644075141688,49.863377796151255,431.2973640687401,175.4730743976719,34.96879117904502,stable
226.93879555468055,49.71793723307951,848.7853673402853,447.2586505533941,36.25414953223654,unstable
228.9905200345813,50.737937188249546,312.96935638239927,724.436168853379,31.251480753259308,stable
217.82121219087804,50.06495552646471,881.4048872571251,651.6812724365183,24.469065094824977,unstable
212.7885694585113,50.7297026331793,634.2617619699251,743.5061755796421,35.66598770067698,stable
225.2059832891247,49.38750768732761,559.5422182892883,586.3799027959312,36.78637126997331,stable
241.87613773555097,50.55324518609258,317.44459470194636,243.01856852730535,22.946002200281892,stable
210.30813986305765,50.10156463999543,525.3322570028722,209.19889696596005,35.75890972293128,stable
226.32414989136646,50.081636547194464,692.074010806419,456.6493556429921,38.40904452160124,stable
238.46923062942952,49.29450570296472,201.87998446745777,333.54036294470774,23.241818777131478,stable
225.94474821647924,50.959596491678646,784.4673076995277,454.2138382199733,27.574219787173153,stable
226.74275083448947,50.05902835056403,856.8389651374766,356.2099954395452,29.55205654446714,unstable
212.15094045841204,50.476430437808304,734.4965604193145,773.1147579880426,37.53976212177173,stable
245.3424122276143,49.81018331337673,618.1347817761741,760.5928208165362,25.35742311733681,unstable
233.94814664413596,49.35468926438179,663.9432429704757,599.8671239507121,27.549896223015285,stable
214.60076179218393,49.76245227445124,775.3664246712722,663.4689593044561,38.33524581602987,stable
235.73590550235676,50.84497376558506,614.7567554429438,336.9591391871452,39.193032738551224,stable
212.83878075752835,50.35290245134661,202.73472750981935,499.4094774984077,33.28937639223628,stable
225.60734803831798,49.43677473413448,774.6491920811849,487.69135294801697,31.72491618600667,stable
222.65237166201027,50.37568763848478,687.6073425311049,589.9029405343373,39.16727575859056,stable
238.704615357745,50.593647547526025,488.75649796350797,354.9796122950521,27.18022453971821,stable
211.71210686825398,50.721243304143165,682.9792893316237,636.0970063513101,22.566228741059483,stable
249.24365450008787,50.330777593565465,820.8683303691619,295.60982946704576,34.0385269181882,unstable
248.5983435604749,50.07004922811999,693.0348191077096,360.49433359642074,24.526681034353516,unstable
218.8041996858841,49.20465051494134,203.1448355296895,680.7735373274513,36.316268906495324,stable
242.27010368503528,50.74244371531015,612.7590149876007,422.2339199784718,28.83447842861767,stable
218.97048441279023,50.90971194716604,813.4805423867931,746.21393261117,21.133120379678974,unstable
236.12528027922622,50.177206218650745,484.7509200925451,723.8091801373536,34.99999386501126,stable
216.45863400361335,50.3118941173702,715.8933469588118,764.5785720167886,27.89866553101936,stable
218.72733402551376,49.04709084881301,405.107676224897,188.71980484791143,24.629973979633334,unstable
223.78126560786586,49.543267028776036,881.8291025960483,343.10678006464445,38.543678669773115,unstable
228.38267637651123,50.83236995809814,573.5283507893171,773.0189771626416,30.733067784514947,stable
246.85381056656536,50.49884459756174,618.4384444122658,552.6584804012855,38.683010583300906,unstable
213.5337955189262,49.638539543728,667.7495675723528,666.3207949692629,22.96794365448155,stable
221.95196817567395,49.320305104407176,370.6528590684868,405.5961495497649,34.13745656736823,stable
249.225846858928,49.32606083704055,701.6879732794,771.0769897023042,39.8937434656709,unstable
216.85387491560186,50.533538327873934,364.2608623647117,463.5218734637122,32.9304102628359,stable
235.34824706765443,49.74516743714769,843.7276796819934,212.63234013450472,33.16483380329817,unstable
221.16592940275393,50.657849512191724,787.8499486763832,467.41910248333267,34.24109389764717,stable
249.41955539769623,50.411322987104455,767.6419887960683,159.13525048290654,33.279650953024856,unstable
236.13556850984884,49.542475479002185,572.5998346492688,614.5374398961605,31.62994951849477,stable
226.0235885673554,50.1917679532047,829.412203822244,762.2897625671077,35.6191772712895,unstable
225.808068839661,49.59492430616209,699.5716503999244,256.3335627514998,35.34622326508969,stable
233.87372214048335,49.625353534125104,776.1372430444434,537.6285977591449,37.69118387213699,stable
226.5235206958955,50.07091540108768,407.50944198627633,154.00646384500618,29.439519835543397,stable
218.17059451939204,50.0545195226351,451.5128786009867,725.965919827742,38.44601415082225,stable
240.66286192253725,50.022052565656956,353.6218240936553,411.1246487466536,38.00614547191474,stable
246.28662254203,49.770469401412335,772.4165346015084,693.158594656992,32.685139900641516,unstable
235.45903265568234,50.55281311759729,819.8231509406783,676.0802927692567,31.574033581076463,unstable
229.04145061327523,49.7192385231242,652.3691640086123,517.9536043988738,25.57041430532492,stable
212.57702934095772,50.909473292100834,579.8686879529462,687.2610464820457,34.1268929811842,stable
220.87722688456128,50.40836697166678,712.2102514414308,789.1071854870975,22.04746560071929,stable
210.58486629978282,49.75589164642894,752.9067066528598,788.0423639850015,28.620498116141952,stable
248.26003242751847,50.3741066580005,360.7000218755482,705.2296250619631,33.103673777409654,unstable
236.64172187291328,49.448717174432076,378.6992852702614,554.3210469755081,27.831974742423874,stable
244.11710037651258,49.07082925229271,333.0308966029089,664.9809480369712,34.793944943483645,unstable
212.88928337680068,50.70280647368827,754.8684015970451,775.4361619477371,38.75363616830161,stable
212.4003467655323,49.00639122427832,455.7244476236051,622.0558162077575,25.64985934908166,unstable
215.09151778975766,49.99062876841555,299.46569105138644,296.58104992041694,31.52481041930406,stable
233.1278761823484,49.35239594438109,646.4370466528653,774.1208919255314,29.528472679951275,stable
224.74856806156194,50.49519517390266,737.1766142315105,241.9814991222292,33.434528510643176,stable
213.05629359113524,49.401800505750614,468.43245502497416,543.5607840061725,30.59509942471701,stable
222.00521705067868,50.547100206555776,615.100208259448,681.6841605644091,29.26659766590774,stable
245.7413157570698,50.50212858525843,552.6177396952619,594.1105746173487,33.12079288833337,unstable
243.5530696393089,50.45249389960109,286.1352248188791,624.2251541444277,35.695451757060084,stable
227.99999688269568,49.008476021991555,456.45707520682146,744.4916474586244,21.647772894036486,unstable
243.81359621219406,49.851887393311294,585.2316522124024,571.9029494048623,21.805051466290436,stable
248.8338884467135,50.04406590790842,380.70331039536177,209.57187976185674,26.002244200451177,unstable
211.03169403089498,50.45921390647534,879.9392753901178,757.4494683944152,29.182397053827682,unstable
248.76582567419553,50.27303649165443,614.1927306427267,163.76840650947034,29.371904338503533,unstable
216.8947050164863,50.476274035505284,351.744051883652,545.8170671510833,36.15325923318538,stable
222.3002718177835,49.41953826451657,872.6379353627615,282.3609359496026,23.81886148061142,unstable
246.241807443737,49.34514255508232,877.4632114458898,325.99683054806155,30.31730787432746,unstable
212.96460341788932,50.81171923845538,658.8464486355051,481.6230065841012,20.7189888438861,stable
228.98037842292058,49.41844898123038,544.5409143820168,712.7239983187555,24.629801021330657,stable
216.61789663255746,49.63929543905652,750.7389180185145,220.9547974069154,20.170617131649514,stable
212.6139093054229,50.72384900457688,206.16267184608122,371.09068675330155,38.576316246962385,stable
230.97668471482223,50.984349595521856,328.94832260883584,631.4696429594615,28.993517985590067,stable
222.63346690311636,50.776172539289504,426.75811013472696,653.2681742674065,20.340472292250823,stable
242.9256706652233,50.89060502173998,887.3057755704485,388.4299089225858,33.38063272834831,unstable
222.47139409353588,50.47755667578744,889.3532025279942,406.0040831351307,24.945467075570175,unstable
222.65441565154467,50.43583210729083,564.355965210031,623.4815944855582,23.190483505852903,stable
237.13649070383966,50.06969536315727,330.9923303290793,321.6852432975011,25.998041628028044,stable
217.3280638288,50.032366198723146,379.4333296417948,481.3611293546376,26.887874555703775,stable
232.8255529840459,50.455067983721726,891.2797364030655,404.12756456525017,36.0870449217081,unstable
245.46710752605102,50.18603269075343,863.158263657675,732.4557478046692,37.63310141781907,unstable
235.55183348515018,50.99181469783369,441.50896455215957,161.60198546103393,37.25347613806547,stable
243.6991988607845,49.30530904639198,823.1135351206534,176.49724990714554,37.969623484125535,unstable
232.74223418476683,50.961825298212794,232.61527509990856,558.5965556150765,27.96187689752958,stable
216.25443117348064,50.8793497806818,234.77253252431302,243.00894824138933,38.82159598321488,stable
228.26719536569493,50.505377920454265,840.6524973395786,281.69859528660004,30.963196146036864,unstable
237.53383772572926,50.76533631362564,790.184325891212,310.1716892434125,26.12185711393458,stable
240.07156411371363,50.48452909778458,285.5223265302061,265.99110416907604,21.330417981776108,stable
245.52850543281545,49.43640359255046,368.9906263772861,408.3567320314002,36.96361136576397,unstable
239.57670417545106,50.88567721082844,796.035523853264,352.8783312640857,24.178174526364835,stable
232.4019577472438,49.12515390290668,657.874703945014,697.3961690075568,23.340029434959156,unstable
223.282383327164,49.677693822306445,483.01693884133186,732.6186713731223,36.1957827183342,stable
235.57892832356754,49.59454867373946,347.2292732058007,653.5873766391626,29.19052758233731,stable
226.67813186863958,49.915105703542395,618.3098105091533,254.7733140694385,27.527071087177784,stable
227.44286334068212,49.61691169121322,316.8679439590366,682.6920345839383,20.53231278477364,stable
230.30519929985743,50.183338442354014,690.3481389984154,236.730350239867,20.265694883039895,stable
238.61974618880552,49.71011765828515,679.1015611006046,797.939101026435,27.02147178915557,stable
247.44328729510926,50.01790662950588,881.7824229425469,181.573199468716,38.624845441126695,unstable
220.38401904079763,50.72257787581141,739.4164255875863,701.82058049674,25.90122119449703,stable
237.27652442847224,49.26478441175363,447.9974641721064,762.1628558402539,39.77391566529516,stable
246.20834176533842,49.87727336622777,874.5245112474096,589.9009815463451,38.4087951627461,unstable
236.55223207041567,49.53817890228257,795.8101545485192,403.3195306179708,31.28515823890187,stable
210.93612891670745,49.42074713786065,228.86670530040004,740.6566977191322,33.02967053772346,stable
237.65534511318646,50.341932552323826,562.5632837316889,508.2885079153507,30.005069354653255,stable
230.46101690516193,50.98438283931751,696.0322522708079,323.6457256953879,39.927425548306914,stable
210.76871152348843,49.51290305508826,697.0094171513247,246.08280085195204,32.413450254367056,stable
247.0064098688649,49.79806268419911,378.9634629213579,157.05164701580674,35.64477987106631,unstable
236.94713226395712,50.00428444112333,565.8846863174188,574.2169810417598,27.135659255350497,stable
228.6467461684084,50.87582137784467,439.6508444418547,219.90754113775003,33.3189291819319,stable
239.32025926598814,50.53973080213839,896.6774484460389,544.8933259965418,38.07693300540252,unstable
233.15039843821484,49.85605482467507,572.7234909991506,556.228746087597,30.288305889458627,stable
220.9484549867195,49.61131574244578,669.8549584861026,582.451118562384,37.24402133688444,stable
244.96677777224662,49.59140735372175,255.03509380333224,338.48223899398965,32.60467091868071,stable
235.10933106089522,49.25260807764142,602.764549329443,314.229678513507,20.248786076680226,stable
221.24500357800613,49.598413114005425,499.5524810771348,203.26201044370183,22.13580444465037,stable
224.17041393825983,49.623141957312434,584.3150429891083,667.1073472969059,31.320925383068428,stable
233.65906933990925,49.50379649472217,891.3684013050407,794.7525548878867,38.79012212346969,unstable
230.61462940730908,49.1732024753125,354.2870914990824,405.20044633869213,21.315764190074805,unstable
215.5981820502362,50.968955384308146,723.0207375288774,418.43408689412934,34.29112264056553,stable
232.48228227280353,49.54270303092944,297.2798259265231,159.9886690824657,33.72118224633316,stable
210.64371844713108,50.76236515691578,737.2107131495037,369.12646240760046,37.63968023105936,stable
225.80692355078466,49.62620406317872,471.61427777091495,416.373107398125,29.252882188980188,stable
216.99740206208335,50.78276556196942,472.7000520681421,751.1037421320002,29.730127037159995,stable
218.73965992058388,50.87347127602899,379.2462748676151,735.071721641971,23.595545089729015,stable
237.26177159031405,50.95461487952023,881.3415791106345,749.0247725719793,25.75836513218013,unstable
236.5879758475896,49.68823623348623,517.0973629032762,284.9594224170679,31.938552479787877,stable
245.89196438216845,50.46341013004786,595.4221156869826,229.8968368229767,38.92956544066179,unstable
219.23581843973324,49.09717545269897,390.4507386930187,219.15269923467588,34.152755719744775,unstable
227.12559740768594,50.8125517498674,448.2613252481261,755.9797111197174,26.062495767906626,stable
232.9326513853703,49.39973965025783,771.9179303459397,789.3342582440822,35.62949887684164,stable
218.3688642503474,49.84013914686378,864.3230963055655,716.4185457103057,34.88456519669984,unstable
238.24467161114038,50.660635945579706,515.1774282744755,588.3485179382347,29.401695409768823,stable
212.04338547163235,49.36547448832195,298.8645965734997,335.0207914959492,25.748458449377964,stable
213.5145380693663,49.18869519565804,589.9355075322912,567.5250022134895,37.90184687752276,unstable
240.07381213997007,50.2068447304338,837.6536171649599,416.63976613656183,35.281628938921585,unstable
232.07982171593753,49.0474031265305,687.34523791023,405.76093885394164,23.85185169635503,unstable
241.7825178967156,50.702399861976474,594.0177839799162,264.6096016621149,29.032813576414924,stable
230.75366311204922,50.05618398750278,624.358540309819,161.62394772888817,39.753410049475136,stable
221.414895914529,50.32780576899033,453.53987095718014,719.822781442408,32.762872259608145,stable
228.46142047956135,50.97324625351143,670.9056632804806,414.0210821337572,36.52377392434078,stable
231.50465986153483,49.10776363573469,319.03534180658664,470.06432581086386,39.96098037216055,unstable
240.4251252398998,50.75353689901489,748.2696277721914,164.32265117641484,28.882161558981274,stable
213.6058160263364,49.79736949577495,730.2237838906296,229.41804063744746,32.80569986066046,stable
214.606478426252,50.44646115368386,294.4156364750191,243.78790087488966,29.0869102812237,stable
219.17643982309525,50.48366168618149,449.82101696020516,557.8567975813039,34.55775272194391,stable
229.76811480715142,49.43221134640232,517.2560863677486,774.4815806328301,38.111557888816854,stable
215.14238465048234,50.51804127494779,382.48544447512563,203.18303910999887,35.20294713035152,stable
240.1856295728123,50.81191658395647,580.3558519663557,185.73180229501972,34.22184304736114,stable
212.52890256644883,49.96601270251911,572.4232672435062,797.0976773981263,39.09170037286393,stable
220.4516998948489,50.74321720656033,505.12836161145566,766.5436993307114,38.79236379494613,stable
214.51198676986658,49.03162963573805,301.83752347367664,523.787402202636,30.19202018821496,unstable
232.0405822377654,50.904612164545604,638.2595813655846,331.8543117956616,38.423592982226594,stable
222.5260326486509,50.06041412477893,635.24035945376,353.0927462195866,26.673933719379257,stable
242.89386021980584,49.786613939299485,500.0401155856964,595.9567456875515,38.77793262937456,stable
220.18152371285845,49.60291349257086,785.3132464944059,352.1552943054302,23.839835855880512,stable
225.70808324617735,49.98252047592828,683.8879176482021,799.1110720508675,23.448772919436742,stable
236.8845503704036,49.98423718921758,779.7501620092742,414.4359482716657,37.81473096315691,stable
245.5647918772625,50.4794419704186,726.1285243340527,254.70331849418855,23.289424891633118,unstable
232.99140421045823,50.31729969052646,322.2284121676897,177.24372257133342,28.71134722965289,stable
210.1955616992943,49.12742296172054,343.66553783822087,403.4844575689516,38.845893851438106,unstable
226.82488618767766,49.57931173581388,481.0170822507522,407.5414374677688,24.07903871852226,stable
228.2321296556673,50.891221503688435,588.49976315412,592.6811923283474,25.737381917966545,stable
238.20857239199282,49.30823802580703,423.58678709096296,675.8808119033501,25.398684163481384,stable
233.26446421846248,50.97195069645424,871.0135177853107,743.7860114071714,24.373607901836166,unstable
210.11915945916454,49.998043962440825,535.9313601276701,494.45219631338557,28.488694828149796,stable
233.13027381278994,50.52965292832667,392.1497019369747,646.2743505741646,25.477292116223722,stable
222.70595107773298,49.55131360625443,539.7590585230537,543.6690379723949,38.173455884522305,stable
214.53886229479272,50.77682498600711,460.3763143620548,552.6469298597119,33.399644976008744,stable
216.4659459690836,49.80910079199239,392.8151990740775,202.4614528968954,30.07839657153811,stable
227.09475710617235,50.79652849201315,332.68173661944047,192.9894698100557,27.57917404762518,stable
213.7716857354643,49.67490710991148,886.1777837180757,604.2487327305791,36.90344480677756,unstable
227.8818222852608,50.3193526139754,550.2159017901765,580.2204543866758,33.00103286751117,stable
230.82236012421856,49.59800319310002,376.67743988291306,207.6931143069226,39.6094832820457,stable
235.99578028498007,50.87927262111081,244.0765604108987,261.0629340413444,28.48170823186365,stable
241.82473513788293,50.515642337155334,547.034552088436,613.4855822239648,20.76805469092862,stable
217.7414952348555,49.53308043964303,870.192828567264,778.6974561606659,36.706767563314415,unstable
233.67947388377115,50.34248998352925,892.923279072663,356.75230938254225,39.83030272157393,unstable
219.08865124227222,50.93321679052596,512.9113802010469,351.4410201789056,26.23230416455878,stable
221.88245484744638,50.2080941080504,602.2851334805875,222.71124032485028,35.259927383912675,stable
216.0241854655821,49.769326375805136,403.9822588550745,230.8635435114299,27.763593174390216,stable
225.5373153507591,50.38421503109902,466.2643503975473,327.09263268044975,34.33904943210479,stable
238.0930152480748,50.46565758230077,820.352525971738,359.0743949099509,31.7859747692723,unstable
240.4418579683054,50.30459465723403,896.9103281875932,683.912094694452,33.335728758635526,unstable
212.84907035678538,50.806281738777024,416.28194473714916,783.6800341577662,23.568168298132683,stable
213.53942967273338,49.33453024317344,529.7706396331339,346.1489347246501,24.683485098652582,stable
246.10669613248476,49.23470895877701,301.38832969568165,694.2324184988645,24.907707552477277,unstable
248.89583701099144,49.85307483979475,724.0483069218567,243.08785161427,20.42650047178204,unstable
237.10164146400257,49.03959096863077,361.3345178928375,355.2744163810691,37.10392715896886,unstable
233.99569305537267,50.11037028317793,454.0798744420629,498.7343834766551,31.85270442653806,stable
210.58371205333864,49.34361786545446,290.5229033137914,420.0904644218012,38.42854858077425,stable
216.6101438353372,49.50617795777395,887.431721234106,629.6094887222205,27.033275686807592,unstable
238.48240309412776,49.191233308525554,248.7292732099678,350.7412357398755,23.298169410176374,unstable
230.80444643805944,49.73051572365832,681.905524288045,246.90635940269243,24.34447486216931,stable
217.5567976783972,49.398680415943225,221.34025747013533,266.77546876247936,26.24199587821532,stable
238.37627939685748,49.297624585723234,596.3307095855894,360.1885868140711,31.77079647320419,stable
234.51793487374613,49.291488782149436,421.01872256186505,661.839215997127,38.295033803344765,stable
224.9805820302989,50.893439469115265,252.7468414946407,749.516443557684,20.31040902086829,stable
221.50260725924724,50.41687317124788,757.2211025489868,711.8580748750336,37.48863994956006,stable
234.03394204713658,50.92709115814631,581.9685834014779,799.6547932872772,28.654745622981544,stable
230.8450947057676,49.15019560768269,563.5967217518756,242.21004304183782,34.562084028274946,unstable
216.89999908139558,50.05348353291858,358.71768733948005,348.7619045920077,31.246917291231302,stable
224.86999139806403,50.07383514237309,328.7207961312648,621.0040424074971,23.80937702444251,stable
226.26879336298373,50.74186259024041,728.6083991496481,229.70496741813105,20.80641540929635,stable
227.81995971012987,50.90834575087753,893.7522276088658,188.34524892160306,21.62832442627749,unstable
218.27419637158923,50.25813063863628,241.65800450836454,592.7622803616898,24.072428537846346,stable
214.6030170977427,49.261898181036756,556.9383278760856,321.4682112778074,35.20997134416772,stable
246.98307148349,49.04840369925266,282.3550486143428,404.53964288246164,25.318166809955866,unstable
211.20431340699886,49.911605545288,572.3513429203134,239.09933398954792,34.14936799898135,stable
244.42796660325826,49.38103785059541,650.6662503538231,312.6069320038314,32.356276066800255,stable
227.56132303155283,50.50316610740916,360.7062906248376,419.9152828963203,33.50522684304443,stable
228.20106305399764,50.41048878957582,556.2987123876333,636.3488459919696,23.636208431428503,stable
244.18381357564874,49.13215474756685,583.9261457191164,320.61293331489105,29.726468318740967,unstable
215.9863748936425,50.07165160061497,531.3678054007771,232.15541702520227,28.01732125370284,stable
218.40976863682025,50.324853946435155,779.3184379070076,327.772048343483,24.22653311692008,stable
222.953389726447,49.529468282291134,838.8171305952204,350.343157501665,30.429734745819665,unstable
239.6165171333394,49.709668515301196,756.3206457231031,694.4387273825253,25.95381428663591,stable
244.1824441664097,49.70139660005574,562.1680192832464,356.10113125164145,29.46689515318387,stable
212.78743190088238,49.35221570663998,355.9482429397656,356.97674011271,22.263579068566045,stable
217.36370360790025,50.79200570982444,232.99128785402678,443.52856108434224,25.792374248247665,stable
211.07060195424813,49.45876482858293,774.7783870514457,554.2541132743254,34.807839563176955,stable
234.6580153932985,49.03181399061897,247.97251156810657,239.55406834533474,37.38284561997101,unstable
246.12292777919407,49.85827873394235,896.1712345917819,437.44753077059346,33.40914470594585,unstable
242.63004011504788,49.85419693237986,250.73992920713206,270.07298875022184,39.03751299703055,stable
210.23472606278852,49.01651288526177,790.2087927230914,371.87400913021514,28.72587724045883,unstable
234.20740750273126,50.792308908701884,616.3724792271585,260.4312414143627,24.96196879430643,stable
213.13610858367755,49.93475573547249,832.7761873134388,183.03322327312284,32.50290271270657,unstable
219.57124819218333,49.91568453659375,841.086667529447,508.3083782640262,28.96943020403415,unstable
211.3306691035502,50.340467620313845,559.3441986037163,379.32354668809637,32.12170283969007,stable
233.05428184647343,50.4094561721998,642.8530293030587,409.87014092956895,33.61468988316031,stable
223.33836979828308,49.50174278800108,427.13282563799464,356.757151007825,24.99538657305129,stable
214.05410045296895,50.25945361402598,663.2836190200646,152.5935862997236,37.93130569417063,stable
211.35585829358803,49.607917750952865,291.59530386844295,646.0589089984962,33.34325802060239,stable
214.6061850662924,50.46650890754785,231.00992863178342,486.438747092471,28.660791591131982,stable
229.92753539349224,49.094858463858955,226.1338362359221,734.0196285587986,25.89031003364538,unstable
217.32988073980323,49.76332018513563,506.3382806694905,215.621647094623,30.286091947794446,stable
239.15277595747514,49.61546010416064,402.02279514788245,415.9573515060172,20.17541867907307,stable
211.12171337916288,50.01106981066545,533.8434305407602,384.1861556832192,22.772568407387833,stable
210.38091853079325,49.228053966159536,845.7554508556134,356.7132079232494,25.634664277082948,unstable
248.17216640131664,50.24060311413541,343.8040429331537,188.65986123677234,29.052895493338326,unstable
245.66044386309392,50.61373796907985,586.9792429375535,231.84931980582104,24.570826110231707,unstable
234.30933735995825,50.230005059110674,601.8857893893833,305.3671625398846,27.517743101191172,stable
210.69593623493643,50.659371644668354,300.8830707131848,699.1360380154493,35.96394858801955,stable
215.31009343325485,49.93014470823912,705.7063323566268,767.0346845738549,27.776991669170137,stable
218.11126977463474,49.595042521617984,278.70201614253466,263.21108286093437,39.359201432175304,stable
215.2661944364664,49.312846864543594,326.57194166872534,640.569692922402,38.67039889332843,stable
218.74713796804468,49.42177481957752,571.5377062948203,193.80531690980305,30.830592298355448,stable
212.31529167521492,50.3264328339041,544.099006203302,274.40340044327127,37.11300368534324,stable
225.3015441042432,49.090267157065725,445.0817070791052,620.7391259415588,38.40536325468352,unstable
227.3287993829911,49.638307925373795,673.8338344829864,160.7235398119333,22.25022490786786,stable
244.32577684702582,49.13519148845457,206.8164765694191,709.8880885684247,37.80533518420023,unstable
228.46529094228543,49.694351763109054,355.36540172181753,278.1701103088202,31.76493744422638,stable
249.82207681920823,49.094942234255626,752.4907356064748,482.70220231611984,30.83693721392177,unstable
243.72824208489334,50.806571642793976,690.5982972453107,726.6371148620717,22.331782240137112,stable
210.16910588797492,50.33588743217198,454.83655602147206,627.3243258245719,20.365497667666062,stable
212.2364777734595,50.407368645611726,780.0960454136103,561.86403309648,30.855365564964167,stable
213.50016421950016,49.7686766370955,279.2267316435009,370.468138226547,34.98896942993664,stable
216.71685237300926,49.046254845960895,688.4394446588338,686.215419582657,23.945803512509844,unstable
247.64404131522585,50.955571178663,427.2543109902492,297.61130498054825,39.94612146812615,unstable
248.991430856357,49.749604699494995,609.8370024109838,173.0302101790302,30.990708677326566,unstable
242.3119280466447,50.952713016468394,455.87458513401447,443.02068218120684,36.04276426278738,stable
228.08929302707716,50.68124503313353,205.917284625754,333.39913067887704,39.07687551483296,stable
222.75598024610085,50.826310671089196,298.20909454401846,369.5410690534596,33.40101915520613,stable
219.28750173309717,49.02502877098122,376.1622735996643,798.3448129736474,20.167074935773083,unstable
221.36372121491593,49.34003690964231,595.27036743653,265.96909995485714,37.48436700181273,stable
236.41749942259955,50.85226174699076,402.7637483716253,281.5280617019058,38.73526017753593,stable
216.78551311342432,49.93089154822687,325.3735713186873,622.6942799912279,35.81109253734556,stable
218.48250131180822,50.58711567449664,297.3871219952695,187.0269458469873,39.388583416613486,stable
213.16122555094904,50.07170363666762,736.6714117795439,396.3917452382938,38.81658689341319,stable
235.0402717494655,49.782727285914355,384.51646837924,541.2149133113463,30.100018939299765,stable
245.93874731462975,50.688484728970835,481.335259453837,768.2532230170112,31.249476089760627,unstable
239.69089267584505,50.47653391561805,391.75670800117473,318.7241900696282,22.983289415025578,stable
229.67203540151849,49.47521898305624,254.5335866718124,512.2391612401664,30.43781775730805,stable
229.898482904223,49.12822649929443,406.9892792953798,618.3896731219234,32.721414080721516,unstable
238.4666914516228,49.710832244510584,332.1574904168302,655.4025645615445,39.82575489287075,stable
222.02906583957665,49.33647338671321,296.4951746360271,512.2574112793558,34.20676414503822,stable
233.63178362562792,49.32113012553392,546.7544156698689,749.6537475895017,25.65408577850351,stable
238.2912426634172,50.990099893347804,396.3513128297847,705.0839712694358,37.90671311430356,stable
245.9754838186892,50.28602862514667,273.3861315450723,407.78882176093424,35.38847593493432,unstable
225.7974769648895,50.5155129539714,467.295146486557,692.9450236710095,30.52644666486631,stable
222.89480876786428,49.216156291619576,884.4872207507698,635.1974493729805,23.923570696898214,unstable
220.13163103357059,50.39824480906386,860.9018242053679,240.8266905232943,27.410167425808183,unstable
230.20175316705865,49.267788556218434,721.9369963519329,593.2246690977107,29.516507672717538,stable
211.26942543617054,49.976481417671806,247.6340327689785,425.7271936099922,34.481713512462065,stable
215.91466283336493,50.533642312686304,564.6023542559951,219.0154393211257,38.207841424377946,stable
246.5824881555836,49.59392769985328,735.6704846574513,447.15107173108646,28.479252670748053,unstable
243.90483982232325,50.38980854204939,802.9746604199283,485.673786090112,39.29079494303822,unstable
236.61554636237912,50.40540625325294,333.51413494516385,227.18968791365972,37.71105174394902,stable
232.30979578719115,49.24984457346809,417.1565693190839,738.8769573879028,27.896012681883214,stable
226.56657507618598,49.31359773380618,543.6323303384675,310.39268927443766,37.51223146829372,stable
221.10752707707633,49.82118365392882,448.4097135200801,268.0953385056269,23.147721984820862,stable
236.12696687040628,50.668098790355444,420.80034957227315,503.88300986043987,32.46627260921366,stable
225.69671132996746,49.56358238971345,345.48132991250725,672.2148936072779,22.39571777951412,stable
216.59008691076394,49.58802450877187,344.1605696048622,222.632970998144,28.641608021417245,stable
224.37549913589748,50.070037422861546,219.00653698063226,723.5598880418677,20.070405399936632,stable
222.04130664113552,50.944723339181415,746.3012008503218,716.440593508536,23.508904130887018,stable
211.461342795399,50.95337081072312,204.84773275545092,178.80156945127192,25.516728472181647,stable
215.51848886781744,49.243789766428606,450.91285521744726,214.4712767387404,25.250901796893224,stable
228.82471174424967,49.977245828468604,264.9777166214106,350.79471381208475,28.4121114987888,stable
249.45867165939964,49.88630496069103,299.2456264357318,624.139596901731,34.88777176751656,unstable
241.03092214875534,50.795873149890156,248.8782152741398,399.94081397134676,38.6980654598419,stable
223.55568652306124,49.49732892491401,307.4073653849487,324.3837745493412,34.1882711830925,stable
215.70421299836553,49.01094186612125,514.6413184212165,640.3157218276195,31.1251044728364,unstable
210.31059909259295,50.25020523587325,636.7092801409408,434.5098282977678,37.55499931236691,stable
225.7774390164775,50.353855300524444,748.9411024383243,606.9934404268688,32.88744344796449,stable
222.91185237992497,50.19089865770436,880.1290852831581,783.8732521640593,33.74433851212774,unstable
220.65867829507727,49.70182929040412,409.6922087801389,210.04317622422414,38.429563783372906,stable
228.74432763263547,49.673973270337115,873.7840821420579,613.3287051065375,30.685884256504078,unstable
229.11580537944047,49.415605107699896,459.8760765805792,516.2412143464517,29.324422699716642,stable
228.73450058512586,49.28082641627466,259.44165417821534,622.0514055363149,36.53097551261922,stable
233.92394098148384,50.257643246262525,547.6232450024918,693.3437223402692,25.823326628630245,stable
243.2923417810287,49.06935971076548,831.7439623684639,307.8766445330299,21.57742387961166,unstable
233.4843823868235,50.86099651280184,784.5194207035236,236.13135283635486,32.425113601322366,stable
248.7406696830525,50.118367687992425,747.7213311285908,456.10922997587636,37.09896087084953,unstable
229.25241728570677,49.38825360221704,772.9597032855004,334.16267885504794,24.36595200118509,stable
220.0317249597591,50.89543450121522,790.1839616309658,409.7274461266968,20.79733237652028,stable
218.01398015674516,50.76657310011033,458.16140699107353,362.95959344884716,37.96317700143625,stable
231.0458245503482,50.77068866542111,224.91327552806763,701.921645259691,25.869570750404186,stable
241.65229698966328,49.30512932437301,855.2377138519697,554.7697645445428,20.535157430876218,unstable
238.21248547877337,50.05283302806162,785.3024863014131,216.45653295886933,33.81237246040486,stable
213.847063982296,49.168636892630445,574.1868983379628,761.0013815216561,36.48314482449244,unstable
232.63165593010382,50.97989956430607,263.38967460138116,412.6028231381713,38.60567403869723,stable
231.15052344131982,49.945428445480104,459.0870154266398,555.2903680983678,34.00215878326233,stable
218.41866802365618,49.654183720716226,559.1326551022951,299.17212950100725,34.90715121476412,stable
218.89850380197612,50.20657244652108,205.8612686227318,449.85494746181615,22.5126069248807,stable
223.91203085962755,50.448875595628465,263.50269749283575,558.5765608861866,21.810296434673543,stable
248.02650959017808,50.0754678810355,232.20923242412462,776.0482767719436,20.575408550473547,unstable
238.79071274910206,50.532134726054444,679.2548769186303,388.0604180732492,30.859887170781338,stable
210.71609141286586,49.216862349970995,702.1549668925522,315.56052957680055,27.83142408931778,stable
239.4730650710763,50.13193416229995,558.420209649119,344.04547254815884,24.59547588412285,stable
223.87083512925176,50.57297377753276,231.65524700821334,358.2025205042359,37.83050217792952,stable
224.44433559941376,50.62887377141933,721.4885662534165,495.68580274336415,29.857868095974872,stable
217.48374120928605,49.71585440161505,550.7530944229884,703.8282337096679,34.15263205301246,stable
225.1942006862378,49.02156023946483,888.9579176388155,487.0927562269433,32.08802613596328,unstable
244.0882329932765,49.99360212340515,664.6204048109264,353.8827579198716,37.42494673879387,stable
237.32108518443223,49.06544435288777,731.6341484129604,429.3555585933718,35.3873637961016,unstable
240.1679886508034,49.83368110594135,675.4383861503022,271.8902280152604,35.99885832561843,stable
244.9251504831549,49.06616969754488,620.5857932140107,503.77866938762907,20.70627558049678,unstable
215.0258262492381,50.0068586245856,872.1305960563078,681.7721555890529,36.89434555410109,unstable
231.45680059093712,49.17902774925743,409.0191644058933,414.93460179714253,23.683853937624914,unstable
223.35887562379833,49.784519021691175,588.9020518838922,556.3298993305189,33.679384631723146,stable
217.57954532249843,50.85261391856192,530.7769082378102,687.5646042258826,22.893691925666623,stable
242.6642459705551,49.308446577737456,660.2600958254083,749.7148259116241,28.53414114806703,stable
247.6574399728742,50.99530360771427,748.5258053447128,437.7359865035799,34.698431642862836,unstable
220.16523086843847,49.17508617191375,447.8791192041747,780.476127745612,37.592900965061,unstable
228.24590588399968,50.11609533067155,324.723325221257,609.8634039717358,38.22835957140143,stable
245.81942953914398,49.39248441903405,504.8021222461543,583.7083075632451,21.096068951719673,unstable
234.30641796281162,49.66228435387301,430.99393140654854,467.25688420024744,25.294422742518478,stable
212.65444084971767,50.65834013457276,329.38798630574513,763.5339782883418,36.23863107229395,stable
226.85213198531866,50.903273949675366,623.8235665521323,498.9323346000878,25.382948435455518,stable
240.94792541206792,49.88507616586749,737.9292952663789,233.36208336752782,30.56577812629741,stable
244.44888164838721,50.3342396176728,504.43535471695367,719.8686606190219,31.099967092193335,stable
227.9488163587921,50.061138856792574,417.7164747236702,204.08250963287242,25.64716661912375,stable
242.19347872074897,49.09906390776984,551.381970055772,243.2641515841418,29.64800422716012,unstable
236.19930134836653,49.659515536127195,378.9944639409705,641.6186932024247,24.924097631892273,stable
245.75519208019327,50.42950062502475,744.9963982401691,500.85664785545237,31.52356975168093,unstable
224.35280045261212,50.235666572522476,820.4781653350875,231.51397039145218,34.508561204309544,unstable
244.75963168154794,50.71315749384079,873.2209283878705,413.1392130422478,23.833064536690383,unstable
216.96984954114998,49.64340755970791,845.8338952084987,539.5937995745867,37.89686076360377,unstable
228.17421178910232,50.67867031643587,788.3404663424593,590.5217913234806,27.67538269848289,stable
218.57879075665136,50.98103894227291,323.7621744847096,509.1754076344758,20.212575304309905,stable
249.08094789265618,50.02440058529949,695.3682108859622,493.6610084127514,31.92605616085648,unstable
235.3182452883608,50.01767004214121,282.6625495767703,672.6251223866063,21.894483579411645,stable
238.74517462013182,49.751747217332394,833.4267542193688,332.90124439075856,23.1131981593457,unstable
226.75149615623042,49.07726236396642,353.80942483491367,657.9485698279655,21.093205252042985,unstable
224.02798189714787,49.33632716121981,611.4148694742432,305.3131827278489,32.36816790132667,stable
246.32434222548608,50.53052650658148,572.5550041046688,596.6776236884748,39.62853428017321,unstable
217.84454023404172,49.342170171497926,757.8898361570015,307.07538082482654,37.598101334861255,stable
213.7784792863875,50.13491429321468,754.4921077085809,352.99072650712543,22.14069884712988,stable
229.04992033980955,49.961866350163916,330.0095762035445,475.8180740522262,36.183490038491975,stable
249.29487045322833,49.694936974556995,532.4531300581098,339.48425033167587,37.31165282228656,unstable
213.9208602229023,49.466308795005084,514.0839054254617,676.0569972681803,39.721770210647804,stable
221.53859145119105,49.82791486152671,755.5884611670041,200.1664708485238,24.68879289446238,stable
244.53170615616472,49.72240688131172,698.4668749594995,323.62876020332226,22.794988242419485,stable
228.11028585506224,50.89124872271679,426.8296839031914,642.0074406477559,35.33804012272398,stable
237.98170324610152,50.029682555504884,305.00126082661177,540.7391073068686,24.73436971251303,stable
245.9810650966898,50.265892279585,215.20479470540621,505.08680653975284,33.00984767223433,unstable
212.26867434395072,50.47099537097855,854.0040478478901,697.3680258711776,27.239076768811913,unstable
210.04972524553787,49.35885354101563,753.8200899305892,163.45542333316394,20.604418559946264,stable
231.23981385218937,49.41943826660292,612.4611627141586,698.4638996559557,32.666745113722996,stable
243.5826374726246,50.444941875565696,208.9676042004161,493.3625655493197,22.317841572170295,stable
246.62251454276208,50.739652398549275,779.8435204762123,708.9590334708892,26.546293065013533,unstable
218.66854509827814,50.92942670593458,834.1476501597351,743.6194600230903,27.129155207552856,unstable
228.87828414346092,49.488896371602635,823.6446582920719,270.12423861131515,28.028259247647924,unstable
230.5352534588326,50.39865600973361,278.8427691302517,654.7673416461855,30.542804016652553,stable
213.20837326466076,50.36698348732286,398.9671597932575,495.2176995619764,33.0400342626914,stable
221.08222034263866,50.22218573909595,515.7148162042988,599.3261194186637,26.647022869545424,stable
226.01588355730553,50.58378254791769,534.3991743958392,418.39180237374626,36.25247854774623,stable
226.45847076958353,49.52126725444467,316.83100920246494,162.8776008694328,24.87385698153986,stable
233.41612377878047,50.26975810712008,381.2863347270454,300.83250209138896,24.910985101782778,stable
239.59187808967846,50.56179488416229,317.72909773024367,723.7458716827347,25.7272213038931,stable
248.52044754709488,50.87337275756138,463.1224065181374,360.1893979123322,36.66380875061352,unstable
241.2281910984392,50.19557171900697,643.4179151557532,573.4166727547887,24.552574563207074,stable
231.02301972013038,49.9944797861968,883.2412588667474,341.7535003446651,39.904795875211974,unstable
245.49299181688858,50.463438953422546,241.61305485246933,492.57453525507464,22.854452725071052,unstable
234.9989132907775,49.93329731112893,595.2993338545924,242.34372456370554,22.83380351676608,stable
239.20298719741177,49.40697101707511,421.3244283616044,582.2620585473114,30.27100439917503,stable
248.11916832986202,49.65052172333667,376.6579520912985,577.4287410123301,26.147472678537763,unstable
241.1946867762507,50.47709217300121,269.6420603776061,675.2236180272574,32.43760702849926,stable
222.8333670633042,50.49113291134518,265.97037434482564,763.8800078991752,22.56935382242797,stable
213.88008902270602,49.44847946828233,433.4507078080577,669.9263824923731,38.44625737835642,stable
221.69495025160043,49.118397538259366,405.074853636455,193.23058230594796,32.455374104962445,unstable
226.36777676381473,50.81090165053921,716.2394507914157,486.25659876264774,26.816663527970718,stable
218.2075822157507,49.18826281992828,254.49090741084646,196.69527082923298,25.188517532390193,unstable
235.61875105708177,49.08995206344506,685.5711269192046,727.5830972143409,21.013842091778812,unstable
245.25300405611102,49.86393219360143,454.9840623257752,481.0825237858091,30.393583314425214,unstable
227.150808420443,49.79891108087307,873.7412596288063,258.2776258642564,21.88743989844317,unstable
228.40760884624794,50.77550936161769,292.92742369882,351.7798348698321,26.016180487107405,stable
218.25055631263,49.35061898998694,447.0400877763767,293.6668174798952,36.56729247871051,stable
225.3261872618543,50.70413202881696,424.05466934565015,207.15239264978018,34.68973753853585,stable
217.11322626887198,49.95848574728154,448.70370464456664,471.84799904329674,33.949538704769196,stable
238.58863562412964,49.42488819820072,310.75774467169,674.7021171551975,35.91084865122969,stable
221.77476978048762,50.66429629125364,331.96387812540377,642.4617585165792,25.174993690139154,stable
232.1450870778521,49.13339416972311,809.0198537610611,547.1267495892052,21.642745869291144,unstable
217.43031498903036,49.704837171250006,812.6477098928284,255.62650493044669,32.949320652735686,unstable
226.3917016393607,50.61677206841093,406.900002711035,357.48337117719154,30.33487985615924,stable
249.90903523551134,50.01180644882223,887.5784363603226,641.4810807527555,28.074538452382075,unstable
228.92305960911554,50.818101399499064,726.4169817079201,157.24319613990474,31.764176095605286,stable
218.95354905438228,49.879736984877496,472.7828111559978,625.3140968707464,27.64776435255844,stable
244.4692256026454,49.49903608303609,446.66093219548384,672.8752004890866,37.25476378118462,stable
230.2621285364124,49.88438710782596,828.6773637171415,495.5058790782897,31.588130936471188,unstable
236.4069488816469,50.39661415770943,688.1971897709823,677.2204121773152,29.54862399512283,stable
212.66497663456315,49.289287062780346,428.8431552264385,368.4945477884406,27.262579001463976,stable
233.4708480082356,50.451184247912806,637.9025478880296,418.7973857594328,31.207576939174942,stable
233.4538166904637,49.930137283292254,560.102634981008,190.14532025023215,23.100032237822315,stable
210.73858682791587,49.24327275528952,504.2742768974114,252.69137275315205,33.80733960179752,stable
214.58251566407037,49.26742055457766,439.74558418670074,374.3465920412276,20.265610377222455,stable
223.44549025786026,50.55410417596092,669.2926442672685,514.4821151447625,31.984940101717115,stable
242.4272270953209,49.095571792319575,390.310704709957,316.815356398841,31.950664479974733,unstable
247.7052400867325,49.55074746417429,564.5958515116674,796.1376987159316,28.531619395239808,unstable
233.65023099877388,50.50799439338614,265.19337497809096,679.7898624526558,22.66127499969412,stable
231.05003160073954,50.8442427100742,844.704045518996,637.811447148495,32.38327986595242,unstable
244.58012563507785,49.290414210058,455.2642179057383,770.0263781946933,34.17234955625802,stable
218.0930240142951,49.72057070353427,853.5758706555383,154.48328541478992,34.484394914301525,unstable
247.4835963638605,49.24511475687261,301.10750397372095,510.1676669382683,33.65430333751908,unstable
232.81617897467015,50.69781188391808,380.6481914953973,566.413475873596,21.19142326907433,stable
215.5912391908546,49.38089872550682,564.8051649866841,426.49480212987413,30.315361960006058,stable
211.23892318653958,50.880422144551275,549.044829693461,639.4228363359182,25.671031595217,stable
245.53182373040033,49.91504596131866,242.65114582245872,633.572165708815,31.831489926405087,unstable
241.45234592778056,49.738661825073315,751.4214916933138,213.6971009648048,20.949055621550542,stable
212.4765901951161,49.18241457662518,501.7794170872646,776.6224334602997,29.3176222842896,unstable
245.1919910253669,49.42098975176393,861.0466276769447,590.847384290706,36.11148007001085,unstable
222.119495881637,49.53111743951774,370.27131652535047,305.1614467265239,39.12394034129089,stable
219.88322251933582,49.1940764396131,706.460079542882,518.152270239977,29.87145119530536,unstable
240.7861706201731,50.626152126602015,287.17904258393156,530.917793069033,38.07588836294153,stable
238.4776221194658,50.37556639693399,771.310087843288,277.52972025162444,22.247405086164658,stable
218.50778390903997,49.870588891123944,727.0369087269422,275.563470104772,26.725491771503243,stable
237.18175344548644,50.98555040062408,317.21746996975395,277.56339260453814,22.887777163847318,stable
244.49166108774483,49.71111559001589,628.0426004164028,656.2115918045715,30.642019683462777,stable
242.14118932689183,50.8702826271122,825.927100293257,762.1044180526168,33.88997599702484,unstable
230.09635256657936,49.55037705556498,371.99063415147043,310.63232246800385,30.01816274941445,stable
231.7370232232638,50.40781342060158,355.6349825984387,191.13164962083098,35.5304400625949,stable
228.4776549156415,49.45414013654686,262.71602658824986,288.50358436690556,22.664320848995917,stable
234.47625753131103,49.40193733041922,397.96951327921386,482.0926762627605,37.12654112516357,stable
224.93629594348533,49.53153627693059,690.5267921824918,328.9114992099288,38.54807516427039,stable
235.52877431722945,50.22853706409822,817.9799603729714,774.8441029471267,26.41941254587067,unstable
211.0560092699507,49.88183786096776,289.98801378717144,186.8902157471884,39.975434418680344,stable
228.2554271885652,49.118215480066155,577.1693091323793,171.91693969725338,22.512302226279456,unstable
229.41065740331075,49.998221813636405,722.8751693549485,234.69441089564788,29.18780245362621,stable
223.88325791401752,50.50127425336689,751.6678908136041,231.5468814193892,30.375251505841284,stable
230.80183116501968,50.039709962445244,779.0015123533592,216.49920034185595,28.463615088675954,stable
220.19918953851933,50.422826293739526,319.33633807246645,575.7624707188755,26.34167505233799,stable
234.33834833040632,50.803357293633596,572.4056241050273,707.387389701468,28.47172364395272,stable
236.9519305929193,49.08915768383011,573.3448524288942,696.7586196197301,22.550631031268363,unstable
227.74277528218022,49.55842789713497,392.3258039667892,403.20103371279134,24.02328763164843,stable
239.80495361181875,50.66570208552082,735.5614341413631,760.470244671573,23.923631853123723,stable
224.52134365905908,50.9512199602376,891.4140957187998,553.3811904645082,39.437612386218014,unstable
226.57706288167245,50.32520602371752,788.5424315070438,295.7403508897937,29.635390828425137,stable
244.91223947657727,49.154807625814485,879.6723120475531,583.6179465056264,37.36249685984833,unstable
213.34044023023424,49.806609863064494,826.2166856176954,406.12761901286365,32.20782457036495,unstable
238.48034492172252,49.6904297721755,287.0267797014125,332.27174140368993,20.02120935369997,stable
249.22678647320458,50.69422028011636,384.0451631240437,489.89239334878044,22.22306080193954,unstable
238.3085845126061,50.42046138219577,276.0545926511838,417.77008473942783,28.21455162030154,stable
249.66623021548955,50.856263121037045,552.7170748338746,433.4601072835764,38.44490453709442,unstable
228.06012439737106,50.24859921417537,219.09259301110217,383.3407928837579,35.420566958842585,stable
243.7182658647254,50.28587856104934,775.7929327790512,521.3873121732861,22.766507057367477,stable
220.73821497566286,49.520798478519254,326.81365815750047,290.21633971092285,26.255864087236915,stable
213.04234782505068,49.051555047506795,378.5119549869198,223.2874940383096,22.450421926544227,unstable
244.93072330055188,50.98972042854087,499.2420373345689,484.70229857361966,34.34170980556173,stable
229.2318045919885,49.96619745433541,482.6924852181931,489.4912790439596,27.58073728069869,stable
238.7598015637617,49.519315097184,532.0847087937275,233.48339376024427,25.200841624261884,stable
248.85124129321594,49.511000701795474,546.9248510529455,178.55542164747783,31.36892393348451,unstable
241.1390310969275,49.39339904231991,752.4341638091519,754.8646333193822,38.89469865524861,stable
227.4819086835651,50.23588825579691,459.09508668378226,355.20823791602834,27.76404108803177,stable
246.6715415088441,50.840347080646865,758.7779604731624,500.6814878287973,33.68670099426711,unstable
225.46510071726047,49.60197292232508,333.0880095858073,785.3373931534036,32.72682105568209,stable
213.90821749871677,49.17010979931433,829.868553946847,424.54085085878063,34.64592601645587,unstable
226.19079577189575,50.35617911426104,792.619953065994,525.5880833013406,23.248749476904518,stable
240.21389545003612,49.7476152056304,313.0758505939526,276.8028550460331,23.619752880716966,stable
233.40034473989846,50.72539039436255,745.5724328340457,729.2311040803454,25.052056397586,stable
236.96947714231533,50.05701524941056,522.9993658468261,705.4114184512354,27.805044653543867,stable
234.75504735045098,50.974515902467154,588.5852608313012,627.1928498461452,33.355298523200105,stable
216.62353478693186,49.005159653103796,702.0708158106588,212.22255727798202,29.744418981555647,unstable
219.49301215644957,50.86453529882107,421.51005405903646,476.69846932136164,23.61982268044242,stable
248.30668472990385,50.573206653935245,698.727627804471,612.4864610096455,22.39176570967789,unstable
223.81899584534943,49.992834116696265,235.9006801449052,690.1760497963363,36.4680874491909,stable
231.21847144196212,49.230712603908685,309.49324295089076,369.87092139574247,25.729717500141067,stable
211.82063248226464,50.16936478251801,283.8635503808909,643.4193186355792,31.3995768540613,stable
216.27390010900882,50.09961053268326,241.95763026088264,607.8048667559931,25.11723331632097,stable
248.42606484524185,50.6033142030105,866.5865908585566,178.3656515041179,29.820253890584933,unstable
210.4495416712252,49.99226376257821,754.8473887920858,628.5335103762244,31.503048629437362,stable
244.49771873149712,50.241710268835305,718.9828695721964,539.5948975437918,27.452630324397433,stable
239.5851081324262,49.44663777189322,290.47689458853154,647.9017850164362,32.68951600506539,stable
223.79808084905085,50.72063760510093,697.720082585064,304.97355330302,29.857833728351057,stable
229.80681866789018,50.19050939160605,362.7814615814197,180.12664009191465,24.911632384573686,stable
240.50027343542783,49.489768302919494,567.789407551609,293.6435356269753,22.29705973286794,stable
245.88318004999687,49.78333754947558,207.96950089297724,252.69754949700956,25.82802373677563,unstable
214.22399754677681,50.67241086025865,859.2791175583876,468.3106775401463,29.273087511424805,unstable
230.72837467868004,50.707193237754105,559.417684925395,654.5875720479107,39.93853354769787,stable
245.75875419188867,49.8309896629416,436.2928199154195,249.85337113207402,35.470794862464885,unstable
249.75387389242647,50.964223258107765,722.5193429895317,216.1158949127643,37.09064517267488,unstable
238.64303414965974,49.98805811934975,893.528305810611,373.22096742235397,31.90197575738634,unstable
246.18459595990174,50.4558736741625,756.679141235223,703.7558045546923,34.97190123272893,unstable
213.2257041275121,50.72812151023642,600.5282969526038,605.3050473654748,27.24921838461587,stable
225.7732315722694,50.61940182680345,580.9007785906194,325.8664161210619,28.760948801621566,stable
226.07797044762597,49.26873924323485,410.81851841415084,529.9356203905655,21.480867504887563,stable
238.11570254072114,49.060973878269415,639.8792455144111,536.5496024690835,24.578869957340252,unstable
231.8701803710714,49.57529988580652,605.258511026565,404.85650901524605,22.346418631319906,stable
224.2777835728928,49.426322742726434,860.9940484154748,677.5866852793858,24.68572442503582,unstable
218.19898680189206,50.22610207729086,361.95799045015724,541.5935991845824,37.28420618238397,stable
247.80351589930478,49.181229666238835,798.8381561846992,765.4895063568797,23.056940721831875,unstable
243.87934824939043,50.16867265711657,315.2062330438633,613.9431722864035,26.899403614171398,stable
231.1672598264963,50.1971769882076,411.5753741029129,454.77960551220514,20.978348440213992,stable
244.46966844210198,49.6611593489824,535.0569662537515,572.3564933600492,26.229226012823403,stable
211.0104989463189,50.46948209891425,683.8273961845125,172.6061470703843,20.810581037882226,stable
219.77506802976734,49.15454456905562,363.20637512337316,716.2807706063459,24.989351163016558,unstable
228.67264778892041,49.50369239881764,413.3243391258426,783.5965697142892,29.017224848413704,stable
235.75477119848938,50.14853137106949,692.6341344758678,517.0015254959114,20.655886890178852,stable
227.44133671773295,50.15779587380066,789.5011406160253,704.8413222862828,30.17238848713378,stable
220.0054421376123,50.33630289299722,820.4406677392021,335.50998162670345,28.805729669280144,unstable
225.13701125705367,50.69493480500978,462.710558793575,586.0612859139335,34.10896797454125,stable
238.13862486021986,49.45151553791926,464.5161226604913,362.9459169419265,28.356251499301383,stable
230.99870922031752,50.19196550449584,774.51442609392,657.4875691445253,24.117182775354117,stable
218.94379332782702,49.06121318899462,249.05039226243446,479.67305338096406,35.107620742275195,unstable
215.7029117905774,49.223334407080955,265.96875291070245,223.38365184950652,37.094164880670576,stable
239.40766341496322,49.093088746104,792.0663722016067,430.973221176248,36.44218473871841,unstable
222.86946662812335,49.838445954432856,770.456626386108,538.3461033229444,21.389153051382912,stable
221.3885784183633,49.9868956957051,636.8940018157941,572.226891404026,32.616980604650585,stable
244.5174505710465,50.088424625897574,875.3703218540347,154.7642820535442,22.088614992803976,unstable
226.99935767172875,50.22787459237482,377.68925780156826,336.9579131726299,26.0700720351644,stable
227.35556846481282,49.44625118009479,717.0284611767297,278.70141543812304,26.63855234136406,stable
245.1823814203443,49.90842016988143,637.291065704613,598.8155614789152,33.19138213803985,unstable
221.37470970407372,49.177993511254,684.2289594692145,708.3027398178515,37.26484545816223,unstable
226.39741371295267,50.41793612930182,580.7095094640961,672.8291582161514,32.90568386422965,stable
248.4069406269463,50.449804167431815,650.545439119616,682.0197411825968,23.701399387805008,unstable
221.61657312972545,49.92327127315917,720.4932472292795,408.3940816076854,34.98699251221249,stable
232.8675707342109,50.74747682491378,616.5770774340749,405.52184385561765,32.979793080103306,stable
227.04775125846172,50.1393764028601,585.8455859377551,550.0304313639565,28.897169086084595,stable
233.78826291233574,49.92060535705808,256.3641773459799,432.6620097758166,35.72429110157409,stable
228.4912354943011,49.28375574333411,452.91276900794503,400.35704359714674,35.72733590752828,stable
227.86593592927622,49.967202462803975,230.7447630830608,424.50506947803734,33.89206851596029,stable
239.6211899961823,50.30056185485088,282.6213309832408,647.1183143422879,23.38471405155532,stable
230.36312303950015,50.01803125015135,241.38453369304324,363.8394830087933,24.176367140119496,stable
225.32153312191693,49.12757287065343,676.6619379278713,435.3790113252509,20.582703488581842,unstable
239.01088447053777,49.498324314555134,278.21023654016454,610.9168056971772,29.181708806207883,stable
235.83567293767845,50.61510604987357,865.5471506779013,721.5785826197289,20.55318268837749,unstable
249.41219801863352,50.25831436477249,660.9028460637735,502.1513839158189,26.498465666214145,unstable
240.4165422164033,50.00830395861373,454.57292474944984,440.92131273232883,36.703724761636366,stable
237.59449032686533,50.16394543086263,481.19955085625895,622.7170624122764,26.618690045892528,stable
232.47333661962847,50.71203427303528,687.9138117512538,531.4775052189643,36.91739398680317,stable
239.4878749364658,49.12754419902185,259.54721618389,740.7140080527071,34.76662055326997,unstable
247.08301308622242,50.83191501606071,492.63390536978113,418.36731114805434,37.81726847622146,unstable
248.14382669775986,50.389995141159694,291.2683495860284,635.1719629433983,24.87838795240527,unstable
219.51783633850064,49.15254314015145,391.6435889883952,166.74019662868054,35.834792266746504,unstable
235.1921233890648,50.993684773847306,347.2381309817813,630.7786149875138,24.289390032390745,stable
241.58405993439783,50.78381715173896,835.9571966338419,437.3354574414174,26.54722768298569,unstable
219.18754413531914,49.28183665945932,215.13587800506644,487.23089061963975,33.122011319077785,stable
213.420576965938,49.229465516776116,591.9683375865121,527.6176095789504,27.586250114532536,stable
244.99569702307465,50.96096397717503,232.20421061739785,753.2767993420546,30.77443374648635,stable
244.82529347529922,50.013915156120326,835.573113587936,513.7256872921046,27.371940529139618,unstable
230.34794083772329,49.71258784209881,493.2848448629726,320.3854788727883,38.10017028488804,stable
242.44484428908964,50.48150939841383,785.8448726708335,416.5346693140843,37.148149442545666,stable
219.15562290778328,49.76716871025532,481.3579024232485,418.1487852278079,22.756842950452057,stable
223.90066491586268,49.344230935745,767.3526042474888,790.8447648045053,32.108866913567795,stable
210.08301368531178,50.104239774745906,212.63594299328773,317.8479137163879,29.90117302681088,stable
243.03226213223476,50.33663988972229,498.9390641665386,705.3916877214208,24.279830374892537,stable
227.72734981199224,49.5181194281095,769.0205471519548,380.66519004476334,39.60829460216456,stable
216.4155982236913,50.745347185029416,462.72392542573647,529.6461682868417,24.995482924225584,stable
242.7838951220234,49.44144087859384,879.4912763834185,305.0040596084109,27.93601985533322,unstable
231.3623134646523,50.2430836650916,572.53991605493,286.355145111113,36.21205202761048,stable
244.33338813037992,49.750232900429545,480.00284648345513,365.0304710833642,34.76414689021343,stable
235.78171221071327,49.42375789681893,544.121709993675,402.58545983571355,28.613539025546324,stable
244.3904080908509,49.06592600312331,743.2348912949016,689.4156919309983,39.94938436621475,unstable
248.8507543279113,49.19701788089143,297.88981864880765,481.4365918482261,32.219136783612896,unstable
237.50769493813334,49.60871299947953,672.7903284103191,466.4741236957312,28.081457682855184,stable
249.18823060990474,50.89562153645573,499.5092191515796,298.059320483197,23.742696903284937,unstable
213.46282096222282,49.08491258837195,220.2234722470129,654.7736791682381,33.7361896094328,unstable
229.68193878032238,49.11676692738563,826.8814830246791,358.6865604302538,33.31413566567091,unstable
228.27373214857883,50.88685796233987,372.3259854003783,734.1044480688203,20.847636458496236,stable
249.73592994816494,49.663530005922595,851.905820242797,747.1077331812407,23.37649368105276,unstable
248.2454461064165,49.33886476405985,765.0518764564298,349.2069043141537,35.20474488977107,unstable
221.88395732451653,49.27770202223308,300.9617399232068,542.5152052237082,25.38880066205128,stable
227.49811969525658,50.84808109862826,497.4728942294519,295.4174118408722,36.57404941736738,stable
236.85457946152565,49.94245801191973,405.3063768949337,647.3336258716689,22.056733373067498,stable
225.15015727695763,50.068875052919736,834.4150666090194,490.26887484818246,20.864449931236887,unstable
228.6862753514781,49.69847588061276,280.7775429521038,160.9154358213643,24.674908613693425,stable
238.3083202912289,49.24327468143687,479.393258886401,469.867814426017,25.833240714933616,stable
214.19583053559964,49.02136945805646,436.18775830949215,558.7246227498576,26.63219043577338,unstable
244.28465162276416,50.61708342387714,727.6564722156187,333.7199470812646,32.52020035971049,stable
226.79215613176672,49.6423538763852,375.95342977665973,358.3652569193197,20.978992927436984,stable
222.36187055063178,50.98416272725113,698.1573288812431,461.614595984892,31.19783325215508,stable
227.69909549496066,49.117940658954936,798.3491552101559,225.54668379163792,21.077613993879496,unstable
232.80052335919908,50.93270356133909,423.3337427942217,527.0269385908258,30.55540279906581,stable
218.6164229043141,50.32119922009721,394.6348754455658,338.19610099069575,29.39269505580228,stable
236.49752687147233,50.87770706974529,222.5730370223472,620.9333753889259,32.77552597450678,stable
226.8933299769705,49.31728733654179,660.6956309523345,428.97669899992127,37.93991666215197,stable
245.6251870934352,49.275251971895536,535.6232306139908,432.66476176257913,23.31889713093302,unstable
249.9975261897224,49.535821369192576,236.54486051335104,766.544539285885,20.70149840330618,unstable
249.91777975927022,50.04701968654063,382.9709944731401,345.95869857227524,33.058416997331335,unstable
212.1380842680786,50.34674491384404,848.2655698243913,479.3271646019362,27.61317394519029,unstable
210.66206895299885,49.8332988963748,217.83903220343475,767.9402645194874,30.050940174514587,stable
223.95153911229335,50.79662637692521,779.018459113424,217.19636782088503,37.596112766391,stable
227.8897885179491,50.80065440348496,503.32802801661853,491.9730404763959,25.923742679398792,stable
231.8888788568773,50.644814169765525,593.0845225857718,666.4391504839784,24.591494428855093,stable
245.35628900721218,49.71934128659505,677.630676041894,176.67712895731546,28.7298180360803,unstable
248.48014693009077,49.295038675350895,636.463209733427,587.9837788098735,32.1063652319683,unstable
239.13079957916062,50.24625735581231,646.0957994550079,706.0546156070768,22.68618675862025,stable
218.12244111470858,49.110993482351084,821.0300269468748,330.41248404451403,31.79539639492551,unstable
231.28667861234095,50.51660571918749,328.617508238842,180.0767698417044,22.13772663931685,stable
225.23640337753326,49.741491076613684,350.77045441302414,642.9646279352608,39.64713433388279,stable
213.4893374599548,50.28712684450809,524.7935291516749,697.216216774733,35.509894907575884,stable
216.52879439307245,49.45877703747645,556.041340150198,569.8591984167763,25.717645755918866,stable
216.04295755426324,50.52377467760858,608.3314246384583,516.04442455721,39.01275811287586,stable
213.3864489205132,49.766229630243565,667.9695039832579,516.3597538286899,30.22909945908662,stable
239.46510872673304,50.901328803124635,756.1312503607217,771.5266996425664,20.65610779997306,stable
222.76988450506747,50.48488101384616,383.25277045221077,539.3570248378776,23.718719434191996,stable
217.42073839605817,50.135089103390236,834.0731998853666,396.34539495335366,24.827867523721345,unstable
237.31553585455802,49.75658852161629,233.26211259553776,340.39152446850215,20.974861730758015,stable
218.6551676698601,49.499025375450564,371.4774873005324,479.1167086147977,24.153454969478634,stable
210.32828714848443,50.953286047139194,283.15275345135433,163.6098139814344,32.77606150589483,stable
236.1519357694143,49.06339152121847,326.61192442813405,575.9201059894054,23.345549883225903,unstable
241.04412357583269,50.19032815850932,789.0720048217293,782.7365350374617,33.21217434231161,stable
246.3678930134139,49.58500324561705,571.9236601704874,664.7305636129236,27.78763917141538,unstable
210.57668987545966,49.123299295652956,636.0441861125751,267.2604905326044,39.95701615123602,unstable
248.36535720575185,49.5542189586419,496.076689841922,636.9724453593533,38.90891846773346,unstable
239.4304153728634,49.28562244749186,558.2881304046102,689.5126629037853,33.173027500945125,stable
247.03664037510478,49.98153274140372,577.1017529194304,549.3835997236663,20.862200161697505,unstable
236.04222203138858,50.81581008451584,787.7371155944032,703.287565658372,23.88431180339228,stable
248.9109356933928,50.446776818836774,636.4079790579804,753.0195793303964,36.53323198364663,unstable
227.88714200701398,49.788563721628506,358.8310836926212,615.7835110121404,34.900542933833464,stable
227.39875637564305,49.34465823767742,670.6634614724799,672.6763038617844,26.115761256374128,stable
223.7725500838858,49.50324365407257,262.47830032386724,399.0989280490495,21.71310610638043,stable
248.0301710791818,50.17620182741921,541.6288973814679,706.165587435625,39.649201978390266,unstable
240.31791600998034,50.41647481113735,257.46826082831666,539.5656848877188,32.53861148766936,stable
243.75146552785446,50.81832535942727,678.0546853549861,279.9081250992926,28.102466823027378,stable
210.52240920805022,50.373858687144036,340.03295475778646,371.0482910113154,31.95897949112544,stable
221.60176045040714,49.47280332952115,502.4133861386252,402.0135804386168,37.408980390558284,stable
224.1650024121935,49.4518409557862,733.6901479802513,340.679616411202,21.999549326771263,stable
224.7241682378141,50.85816490588493,744.8801629944044,589.1312561280322,35.093268634959315,stable
230.05142115184393,50.45957504832817,794.2861205911465,242.43817096642022,22.435254054481927,stable
248.58644799422487,49.39676398672384,244.4206083705649,738.2758571544706,28.057306360744555,unstable
217.72167305749036,49.284832482892156,663.1394449542895,426.7362286095467,23.066406379913985,stable
232.63367903689425,50.846637233423984,751.8382242069626,444.3346509442797,20.73229903212615,stable
240.24457275085,49.12007326571056,266.91846261309183,424.1233913732275,39.945164173755956,unstable
233.99922734438655,50.0994330296123,391.89191824715135,551.7295645475592,33.20956602185284,stable
233.8776857618188,49.54209781812105,680.5508153490817,377.81899396659526,32.26831769132122,stable
234.45060870584305,50.11814540030595,719.1696370375834,162.2453107187579,35.78110999318481,stable
211.21748890321973,50.47977285849609,845.5724331019481,767.0288995613904,21.086658501300974,unstable
222.7991792089151,49.72147171915149,525.7395088627034,724.6435088795081,20.163688311913162,stable
229.12244657020213,49.17749283206162,313.0794383148692,585.855692409528,28.94098348064177,unstable
244.4379895811435,50.81040826730906,854.4252993093469,748.161887333247,25.504085300125517,unstable
212.6628447474666,49.95782145279214,603.9244665468418,748.056562387419,23.863469372694624,stable
220.18112647758568,50.54099386806546,755.3182534677877,447.10018162652983,37.355453686967245,stable
236.49119767758552,49.45555907811526,520.0752326093053,599.71466952665,25.016522812179083,stable
233.82046003582525,49.11120770438115,373.80456515731044,584.6666427152727,33.38984929621493,unstable
229.6559027187111,50.47758390385198,646.3736522881293,587.6951638360499,32.07454718689238,stable
222.28438295021573,49.23145421578598,393.1780101870745,391.7853761337676,35.077775313092076,stable
224.27301705581127,50.43518317308275,273.05698142571816,689.0983391852279,24.326474642710572,stable
247.36087537829906,50.31778723491117,346.8241897240685,727.7493940654273,34.9962240096752,unstable
223.02470310727716,50.659265590227804,379.6852388259707,270.3640786968697,38.58105885509073,stable
219.1067582111261,50.263957601536454,510.7753397862995,573.463102613789,25.30431136924297,stable
228.9592870905322,50.69366945238188,470.65446015561105,418.6593569351371,39.41199161963982,stable
232.65822611985124,50.36151532529849,770.7475983773218,250.49902695078396,23.871874983337896,stable
224.8024448149092,50.808206518611335,205.5806062626722,354.4100070963701,31.69619576783148,stable
230.26446725891446,50.48374022143456,801.0006243220774,538.7853000326606,33.3661000628708,unstable
241.61091783847345,50.76518806126081,717.4641444035823,377.68897084205616,39.79325453484259,stable
233.60436090771884,49.58294088642364,260.81073180199184,492.78446580963544,35.9460323063646,stable
218.26701973261675,50.482219957432115,251.96501257925573,322.40917413667114,21.285008516441597,stable
221.80644117669064,49.707139585834796,636.8611597173187,247.46695788335342,27.055521043948083,stable
231.72782467438944,49.27033747623517,652.4320300347057,155.0903229222236,34.38815392779711,stable
248.4471583223511,50.50375184456068,820.1526238267242,392.53996214612346,38.623712339847685,unstable
213.93861056982,49.140102921632725,842.6588204964456,202.9938496814661,27.671852863813115,unstable
223.45483735071338,49.57888031217364,612.341888369114,222.34068254423082,20.046792331984463,stable
245.90266056318438,50.31090770191305,785.4632474720893,204.25102287497725,35.906041913823756,unstable
236.06781172581432,50.75039780349612,574.3354399807506,751.881347132385,26.7001151942532,stable
215.30465553585387,50.137272742195314,388.96381826139725,263.04022876223723,22.719410761971595,stable
216.5251879787549,49.03845897288809,533.8535752225375,542.4118188548691,28.06660530636441,unstable
222.62633545249298,49.84598878048216,545.7128676927667,207.00980749299998,30.59679686573773,stable
217.59095961275563,49.39341860179918,276.1986565710279,339.81277142208575,23.284385997997987,stable
235.96661877425205,49.358036231979106,651.2188497380287,216.577234126004,22.34526064631186,stable
237.46221270597349,50.074024101875544,561.8522780723887,607.2634537591254,22.203396678099207,stable
241.44252409460296,49.28720279142019,223.17401211372965,265.8548667217318,34.05392807927312,stable
241.49998809789614,49.472183740383514,249.33449534639274,360.8937755487748,27.434867608669393,stable
242.56594993746165,49.932397582805784,782.0835181063792,224.18884921747303,27.766640240516516,stable
219.22732268169133,49.13531741936785,444.18294450411054,222.29782693848577,39.63771686612474,unstable
225.8200077353456,49.60183782522267,368.0392493243724,647.4518733660389,25.27437296094206,stable
222.5360794426001,50.898087386099995,302.0154544274218,766.1613449640164,35.670506349138975,stable
239.47388269275467,50.303696155079294,268.9932886362459,542.8601506304699,24.45730548148492,stable
243.16426789911833,49.66197868038792,585.9729180760773,408.06945456597924,32.300984884296646,stable
229.4896886155795,50.726801051244365,248.3880003378667,692.1193942535738,33.033766420408995,stable
218.56946159997634,50.916437210327224,428.9731464090876,412.120976027264,27.57210763614699,stable
227.52082769078342,49.489472315731675,438.74570346633925,590.3412730825735,22.437248406832385,stable
219.0578354691607,50.49477333897726,382.46499248545035,753.1531608826161,35.94836625977155,stable
212.9246467681827,49.41910827054736,297.2557228146613,364.6984739448717,31.024664217086382,stable
211.21005731568684,49.54991609053329,481.1707912665256,480.7008775830623,27.239217988027647,stable
230.86794766433613,50.11352286862224,295.71755303541073,369.6584662979219,20.4484988046338,stable
218.33428854726364,50.98600019901166,414.7012120403448,767.9751899462606,34.099053147177806,stable
212.5737794645633,49.5851626219054,642.8794953441976,227.0244857281026,30.52858695798333,stable
231.3504270831223,50.417759131219405,756.9292034342832,450.25303448588477,30.266545555927415,stable
241.9645332035028,50.190918254513946,253.94253873510883,650.6722272545105,25.73432546139415,stable
231.35539518158987,50.94095161264208,508.32424769965,389.67407027536285,23.437929561312313,stable
223.47571005807166,50.39697596685724,832.6518781486019,672.338748267831,39.91824324225751,unstable
237.71319214404096,49.380633516102876,292.94529890849464,627.950150520832,20.028432908152414,stable
210.7496115741598,50.0180894053869,731.5447920021821,205.65246386453066,30.75623921097685,stable
231.248966813704,49.93618054885134,223.2068363208677,264.57944883904446,30.39160457387915,stable
226.5672521542692,49.78227757490382,477.1088148516999,231.1842413837824,30.067366177938307,stable
229.35661534251724,50.721576519968885,539.0372896632512,642.0281159854549,36.360826864466574,stable
237.3158454621579,49.84702846907259,458.66150653036163,767.9917431557362,34.00497986029084,stable
233.50752790014087,49.75900549804441,298.8964662360628,277.74579664019075,39.22864655660821,stable
219.0696422761133,49.323658461502305,425.11362975323794,493.74159073487266,33.71203705008416,stable
247.87375482222643,49.17919496415807,808.2690446803796,373.69398166628207,38.76220857775267,unstable
248.65477204867807,50.91306862653857,597.4233326888116,173.9780973817013,28.185909769017645,unstable
219.73803487836392,49.80744835364832,477.02576268728455,592.0602802397145,24.566544342914867,stable
236.59561979450328,50.65582492265768,362.2833788041807,512.6488916517314,39.48245564113999,stable
241.38329994675462,50.846182787056904,406.8940884872158,219.8296632148788,27.078863314767762,stable
239.3399946425286,50.98894824097357,437.9137170775616,627.8683445256211,31.790344252281912,stable
240.9128089222973,49.71012707438646,224.8163094331152,397.656898458399,29.68653021510791,stable
245.55828605900112,49.98678678150689,464.0890574476238,455.75192345496913,27.534410698377375,unstable
247.89450061434627,50.99641554806847,493.0266152521705,583.3727385664349,23.050372536102305,unstable
245.71652000933958,49.87566976016839,633.0079666092872,766.2370917995227,31.684555563782432,unstable
233.941064042356,49.846101231835135,203.4767809373661,238.55238014452647,20.87573115379343,stable
214.02003438690392,49.685266525901895,663.4410009119845,288.25280883984203,29.035009215913753,stable
247.94120690633181,50.75083116836707,276.1280019172565,489.6589366657412,33.59776703864732,unstable
217.1698992524235,50.198105842660226,230.36799581479082,603.5226686142419,25.20284604533151,stable
220.26249749531385,49.88168560816988,326.6272083969126,418.38752483038644,31.176475603466418,stable
216.96614417379143,50.55123545070045,876.0279421665479,261.05074810587496,25.50894547569283,unstable
211.0710418429975,50.476101451371335,778.2163079881224,558.0980681076621,34.21700416886416,stable
216.67908082898538,50.673322976642645,475.6138902727715,510.12873187414976,38.71671552629451,stable
215.9199223690793,49.14543764768389,383.13037817276756,308.98049986327186,39.19994131153942,unstable
230.20598612726403,50.81403241242679,476.90770473184665,221.37858679468732,36.67078559653836,stable
241.3078192320089,50.72486729967774,449.30992904221665,217.19470290730487,23.533865193792863,stable
238.93039001970845,49.59442032575325,598.6200736717508,432.01815721149563,38.60164524329083,stable
224.82708991564493,50.81900154729712,731.7785046140069,494.6318182196642,25.728932679653646,stable
229.7542929765528,49.292958594858824,771.3101155326651,191.31605764090233,32.187926133069205,stable
238.77628052763038,50.13288020038007,731.8294692720303,624.9525534654715,31.8408129694038,stable
239.54023942770408,50.29482699009965,500.1917825737828,488.83512624366256,28.841186220868885,stable
239.26355899584684,49.84998682672943,461.655499795251,610.8557088407972,28.704469381873064,stable
218.4137263880681,50.4480903766715,839.5575951163275,619.8890569056398,35.052088181105475,unstable
225.84862566668568,49.89797753646928,817.5169704377694,615.8297795979979,31.7919453678713,unstable
219.97976132152579,50.380670973649266,866.8085311020318,403.36753307021627,38.86719335511339,unstable
213.65158774662126,49.725993279789634,392.6978281794535,330.9634766837764,35.19762536867283,stable
233.6872567485635,49.82599011646458,257.862701804379,160.04330702314383,33.42556099346678,stable
219.7635752245339,49.27210185093934,381.4020892692672,709.4716435455383,24.063811251306795,stable
220.15449671405918,50.80967822538242,793.2393887926946,343.301008682467,31.679693551914923,stable
243.71286332346588,49.0306712761948,443.10175040931944,286.12483129376864,29.867196443147964,unstable
240.71224699222196,49.260878210869244,692.0007359357171,713.983252069282,24.26096588224774,stable
230.34320301957817,49.190221022469494,799.0444820408476,182.0151700295758,23.96256912837955,unstable
240.000755160889,50.63976025528189,854.1106034875397,349.0951294183002,34.04079677755218,unstable
220.23619081387645,50.77284201059068,639.0383209916639,393.0738314825734,27.34159345884713,stable
229.79401653243457,49.22361032511977,297.8754041640184,241.83999657992362,31.508810294464688,stable
249.28022462885133,50.885962693964615,411.42023081949446,428.3806378236757,32.14644077772789,unstable
233.9185413956397,49.197682444357255,850.5257679022078,585.8620781119996,30.50476246571587,unstable
227.6565871664101,50.81191072591172,277.33118907655364,206.17767121201234,32.00416363554571,stable
234.72512480143507,50.58533775215791,738.2199317640664,432.2361191275353,37.02374654850408,stable
247.8474783873367,49.77312585647561,605.7183541510428,664.049171694148,25.692258419126908,unstable
227.2333307099492,49.154207636824424,683.7745798307666,526.7906201078786,22.065692254708203,unstable
234.41054280231126,49.76241301837634,226.91560944925314,397.6201951585922,30.771969765169228,stable
216.0687355495402,49.403316130103356,453.64785064811633,200.10500809751093,33.576985378085965,stable
249.68643708821088,50.3763427476105,812.2381358159191,450.5206802120944,26.165169123298384,unstable
237.94166499223698,49.115198043906396,442.74256341823605,732.3826592389905,26.37183366858703,unstable
241.91355276109906,49.368065352562574,754.1582247494588,466.63812545226943,33.421382272451275,stable
225.57751352746428,50.58425935223892,508.50128592087793,696.4958966517021,27.482194824558757,stable
239.11207694707377,50.872001459502044,491.3746613292022,583.2539071862127,27.009900596526716,stable
227.59356338028638,49.87831144646119,895.7594896193725,333.83540374001905,24.92757534294192,unstable
214.9422650579176,50.201295580080654,652.4643956280609,478.20915035656657,39.60178521999815,stable
211.9411175054502,49.6132879495482,354.6410440873964,253.45768084665843,31.07549515510243,stable
240.21161755860098,49.809233066656546,300.0036545330906,620.1999749123954,37.575322332561655,stable
247.17487022489536,50.95121115228013,891.4837362908021,466.55428205239997,27.242026885515667,unstable
211.12033993151286,49.37831179931945,270.5854002137118,422.82669626305193,28.098569383423335,stable
240.6995962919663,50.40031678089398,566.9667397477425,303.77062847432717,35.27092944241392,stable
245.4286537767499,50.61960409021113,655.9897696821283,794.5106342382189,37.07105842617901,unstable
234.06572759802694,49.62611405803398,613.8627317287223,340.1011552425549,32.84602386725223,stable
223.42770187452086,50.06424449402781,289.58487881249033,615.9567105533741,22.80709392438021,stable
224.16764045174,50.06686194655639,873.0279097877092,375.53471445208345,30.927899724632017,unstable
227.05509340333285,49.63653741035592,542.3431813154814,789.7313884001125,32.32600287841147,stable
220.9490641395661,49.25563440294929,240.60870959200884,498.89106338519935,37.6597043025447,stable
212.24356669901402,50.85773786436917,359.1315006038005,365.3305088808397,32.981225937577335,stable
236.19323498237782,49.61041775243707,232.9206688290219,762.4952857683857,31.31984844135387,stable
237.8791886148469,50.619549751602506,688.3568758528122,698.5104795386798,38.820466758993575,stable
237.36894931669076,50.08846697118647,641.6814780783255,414.52946214853665,33.031662115597236,stable
224.1145232513604,50.74844194079361,527.0112097132741,677.3226389272011,37.334517345325814,stable
214.71251925038368,50.49463068360308,865.6663752472822,213.54998584771857,21.444854323324762,unstable
210.687880475146,49.27007352086732,202.4849199997831,202.2935214321258,22.561515443594452,stable
237.53673828881716,49.24730195564918,705.5996107535026,584.9720483738412,38.855767801068126,stable
243.31081030317944,49.15033304365014,310.5587453786002,311.8606533316677,33.75461528546404,unstable
226.91503435843615,50.47085542224141,272.8730305510269,576.7445887276381,23.04447349721816,stable
231.64242764937103,50.974749866173525,328.1392854413321,231.94536439658012,38.70563918036278,stable
233.21317494798342,50.86465632234029,540.5810776729583,664.8176261705186,38.43536648405167,stable
215.54929005887388,50.62803888425117,568.0407047665371,208.16417939167448,26.569345626739956,stable
239.9885848755029,50.73423273047265,742.374930872523,347.0709532523621,22.282718413076996,stable
235.72954736280093,50.47085673669604,815.4810344423051,333.0499966022677,28.02966481843493,unstable
219.77820002236103,50.774771567310665,559.7758084263551,550.0508271938834,28.177541929889635,stable
246.50211196049582,50.46398665863764,329.0407329992761,439.20498026568316,30.295567595312157,unstable
234.20094994056166,49.857127796636384,294.4412516056983,248.4034755822575,20.588140094665356,stable
243.19565857591925,49.27058995934133,423.66602430852737,652.7203569815546,32.560745483452095,stable
238.3000725462271,50.5104289513459,665.0572158065223,163.4353705604775,39.96615890365773,stable
237.34121780810557,50.09742604840109,806.4271796317744,354.936773737796,39.95321375552827,unstable
234.18157022279556,50.47478277653037,221.01637821380538,440.6058757998561,24.02772807461842,stable
222.7959545700137,49.254590198507096,526.8453961060975,467.37560356964303,34.32660840678507,stable
226.7459384934334,50.70374247247476,558.4880180002045,532.8124771677539,24.281370967619004,stable
215.9376216615841,50.41559643758652,262.2200164295607,194.25747474881805,25.66381614461795,stable
216.8642994963229,50.748690898162934,690.3134166834271,755.307964726694,30.802262551529417,stable
249.32448461912514,49.650208034036076,227.80812046474279,373.96099334385235,24.471228125663572,unstable
242.38501564958065,49.92360048676444,670.3903971160017,789.3068613374192,22.79412789941572,stable
227.87195239557974,50.374275477920136,749.6786510610613,415.7719568748244,28.605555201376625,stable
226.14975457442316,49.73575336115395,574.1356426664961,312.0490376975072,31.02485242930031,stable
244.87559237741343,50.969702744594166,388.3890130334332,778.6872491366178,39.20406323898642,stable
228.2014229688449,50.92055783522721,426.0315104132133,728.7024315526746,21.768247695622954,stable
228.54539021995492,50.91996672521054,382.22555716565773,598.7346101058108,24.775031716439457,stable
230.758226260287,49.625434187499316,538.6466802722699,645.890746918471,37.877811001764385,stable
216.1261932343607,49.683223414600334,227.0720840891698,679.6649686844145,23.580498063169127,stable
212.8475390138236,50.021628848213304,852.8664256492756,184.2597517009908,32.99138140693587,unstable
238.5120993237626,50.476965241713565,461.4644743524987,609.246538619973,22.760516961180983,stable
243.27874000045438,50.97213470728352,697.0693207955333,714.6769661855315,39.55709645198728,stable
231.38262003383258,49.132843572467465,252.10876618803536,439.2786446350512,20.41280698669665,unstable
224.31906912004453,50.171274921454724,542.6558296942369,757.469735518722,26.63588148953361,stable
214.93815870145613,49.0156875410341,482.9056044509303,212.88018750056958,28.01765735641254,unstable
214.64312529382062,49.45920091044345,600.9537886911687,729.2887243487099,37.491164579646735,stable
239.5749863193147,49.9792686084776,748.3519797979432,488.21616392133734,23.309034821367558,stable
211.9360126808544,49.43219133655551,639.5049140339261,506.5068687153196,36.61489500391302,stable
238.89402397313307,50.304546478107405,331.56097632384365,722.9255214827806,20.428216850003405,stable
212.46691729018272,49.491620866693026,743.3984506683637,375.0675281173875,38.602146224410916,stable
239.2479696121956,50.66616221783783,694.6082202365817,181.76868333548097,25.15866729398176,stable
238.9485231403666,49.3431440012,536.2317561972677,302.41690949209226,27.576043072906547,stable
213.55079792530623,50.09047434049362,380.7380334493696,354.54782674509454,23.885829932436618,stable
217.0434859209007,50.52768567784637,447.8071693121225,638.2990311419453,26.351086011459017,stable
220.17738037495727,49.226623478095654,314.3703486498258,336.761643086573,23.92915259538597,stable
230.5941205746363,50.42487505849421,211.01505198487374,361.32563839918595,22.49804710722064,stable
238.100122031009,50.69880651894442,863.0690747147661,607.2420033389614,38.41692637575383,unstable
229.92277901566501,49.852363192359924,620.5327959288525,557.6099992607101,26.771143614392738,stable
223.56946583930156,49.944217703556475,518.186008000589,353.0594927445156,33.79768644130344,stable
