packet_size,connection_duration,traffic_rate,failed_logins,attack_type
109.96624081754013,46.715597692696676,271.3104517731113,2,normal
1207.1631972627426,6.0708693600965296,84.95338977192289,6,intrusion
1000.9501614463248,31.069875350081734,497.3108144562047,0,intrusion
1029.5312609121625,25.920663176607157,414.76853223494345,8,intrusion
1321.849898170247,57.46901510561065,325.5121224554281,2,normal
414.31407889965845,30.794972535552716,76.42521078393314,7,intrusion
329.05452638685836,20.138447288975005,387.1530928905562,8,intrusion
180.20418258685845,56.273746623070366,208.5575496865683,4,normal
1376.838666132248,51.57921054544049,170.78465765006453,6,intrusion
555.0065722996217,25.641474526418698,178.18324250372714,6,intrusion
372.85789888287565,3.858898556531409,391.53715434792025,9,intrusion
1381.6219154849928,35.71458925247225,203.34403177778086,4,normal
1430.5760830968293,8.509280106143041,473.67526575795944,5,intrusion
1226.086785709383,23.623423145796043,50.21337130992373,7,intrusion
1270.4899676783425,41.68204349526068,151.05389827970603,0,normal
501.439861051347,2.9422897281649125,226.28881354171727,7,intrusion
1083.6169858181424,28.450360225911936,441.83028897787585,1,intrusion
1367.4727880069715,42.559328332754866,155.18303106947724,8,intrusion
590.1651393829281,25.212896334892623,323.235646597741,2,normal
121.3534994626166,59.53517360987765,318.24987842852374,10,intrusion
1237.2600590883112,11.828605600503462,158.4075374080899,6,intrusion
1233.0111904490432,53.47631710581447,471.50039317882226,0,intrusion
1276.5930077796377,50.037859602181825,31.836293383649828,10,intrusion
1474.2542246437624,40.29778055971066,366.63515266623034,0,normal
245.52850126162824,6.724277282013509,135.52527598258894,8,intrusion
901.6411810120114,27.63569138798574,50.33121842942087,5,normal
318.1093606983978,44.562509854335495,439.88580595061865,0,intrusion
1424.4784615684457,6.367733071643191,181.12892338669045,0,normal
254.7191223787466,30.3928826037973,164.16257805682002,10,intrusion
1345.4945170558008,30.646101242625317,346.8029144779577,1,normal
722.7220797838561,57.2602329490032,174.08957917434935,5,normal
426.5252845123783,38.03760642558146,400.5351389081694,7,intrusion
1437.6893871628492,33.04765139034627,177.26622480440645,4,normal
344.09115177902873,52.26577993693332,339.65042918666177,3,normal
803.1072542351903,56.037234141866485,68.96229349864916,3,normal
355.980575906873,52.487752217487184,212.34308002514413,8,intrusion
1097.9194285146937,48.98456996009271,247.50806656124246,3,normal
1481.9756925922031,4.848518444424603,308.7557724131111,7,intrusion
210.72074833267703,18.673475466900644,93.75636032898794,8,intrusion
624.0484440117809,9.80312907573432,236.18791639276193,3,normal
799.6295785786689,13.553634996497872,338.260445272783,1,normal
154.33703775875463,29.706704470052394,462.41795619418366,8,intrusion
121.99311909197405,24.392966419695274,275.7635774498711,3,normal
776.6294344482607,30.266268454732753,324.5503172355931,1,normal
521.0200303248002,12.07052928156343,166.17235873391098,7,intrusion
517.0108073348459,19.40411674316298,265.4155695303458,2,normal
1270.9131726391154,35.725173550647455,228.5293182070978,5,normal
169.8383305513269,27.167726984470495,241.05214240742237,0,normal
128.80334309959946,33.66221947762775,43.83785187025207,0,normal
403.8834308527626,11.990653227716145,492.6176316859859,1,intrusion
664.6974242128274,51.06022307254233,322.31105208988174,4,normal
1452.4809021387196,27.828409502874795,356.82755119991924,4,normal
882.977450556558,13.253487826101424,352.1633230898655,9,intrusion
1236.1234929361503,43.73687503932676,206.14163656623177,2,normal
777.5078314761141,55.86394678079469,358.4096990308993,8,intrusion
904.907495338005,30.821732176591553,486.6353431920963,5,intrusion
602.3901298402275,50.097338372826314,489.13614117981274,8,intrusion
572.4761131793946,49.95935879261859,271.6575853367778,8,intrusion
116.68863038868324,25.538597194025286,29.100549832186452,7,intrusion
1465.274896421985,44.52661429523319,381.2883183034667,7,intrusion
1490.3199800206617,56.801456714446054,162.85971310331018,7,intrusion
1274.0955525743573,51.603402445625214,215.97412393551443,9,intrusion
806.0769743322244,24.98094961737673,403.7390082365273,2,intrusion
480.36904814673306,18.86137520432633,223.77794621357552,6,intrusion
406.28098224597977,38.405998552263526,470.2574983224227,7,intrusion
431.59998313812315,21.483614542829248,428.31272131699916,10,intrusion
991.754192687445,4.147660805140408,246.94205383454604,2,normal
804.6325995120123,22.81374897618878,211.52536293692927,2,normal
909.4836871230517,57.95466681524308,115.29400509666071,2,normal
513.0329678975284,56.6612831415721,497.94622768288286,8,intrusion
541.9330466581334,48.6536920329821,388.6114585363039,10,intrusion
128.41453440874244,42.509793640555785,81.57446042010187,4,normal
928.8209334140752,4.8183089606207155,477.86103042224534,3,intrusion
732.3740590101285,3.2450589090916124,332.28580319350067,8,intrusion
250.0144006956719,27.633170329447903,11.926649050967825,5,normal
1244.1328299514746,29.29599260352115,18.204637987692703,10,intrusion
917.2622089608213,13.968850410393143,265.576492282655,5,normal
478.3940008744559,15.005082520571328,312.22467973421755,1,normal
706.3316428208813,15.58293075415188,99.57201766743812,10,intrusion
342.278915804118,22.448774474734485,359.94644839645855,9,intrusion
375.7453989778623,20.937852029646468,107.12208044686164,5,normal
307.4002781147208,58.00650693390791,435.3723630337924,0,intrusion
1180.4113355927616,38.67887919928678,244.08012152437155,2,normal
124.41881809102722,31.295297215331072,301.32070186621974,1,normal
869.3200580955424,49.57879335151284,493.7446537146668,6,intrusion
477.88146135374683,20.85413283302757,215.09235942832424,5,normal
338.8017090078756,59.907682222057815,369.99256132862774,2,normal
538.6079064377975,37.83117533976037,423.6159925174181,8,intrusion
1440.1240096526274,21.018511190179588,477.55778668380316,10,intrusion
214.68541077075753,14.447120032410359,131.4030291598449,9,intrusion
1457.1372356623347,7.958374745672426,299.0671321984844,10,intrusion
1416.9197665695444,29.98723617502391,240.00071308538617,9,intrusion
945.5507001588189,7.666004007836008,39.429966020899144,5,normal
1132.353306618614,30.82299341041203,42.331730361122794,9,intrusion
556.8910518057696,9.555374504926084,402.6154807736345,2,intrusion
1453.701759759055,59.94414433190903,495.8686111724844,1,intrusion
1115.3691448576037,12.716069447625555,68.78434094647343,1,normal
232.4475071903413,50.185936130042634,23.709925455333554,10,intrusion
261.6080754425235,54.60699858804868,89.0323328381762,7,intrusion
686.1193332112981,59.234182065967936,240.646554884249,5,normal
1005.3364606914881,17.61871342706493,42.40013561055534,7,intrusion
135.32610281536228,33.003243055904015,175.6727899109743,0,normal
674.104473213809,32.63026502874294,472.9524450012354,0,intrusion
689.3497577370127,29.876603644283833,282.053372410297,10,intrusion
1487.5062918283297,12.808062178942322,57.573992436897065,9,intrusion
1409.4180478424878,32.469844294044236,321.3862104240533,5,normal
1052.0861660426376,22.103616016326672,458.9866773084361,10,intrusion
1479.8985085867942,13.16941827695709,179.13043692980227,0,normal
1211.8551872560924,33.54613470994049,370.5278064567053,6,intrusion
747.5305099070533,38.31983275811683,344.8208685099552,7,intrusion
1193.8760332761497,46.67981731288299,486.6008009735154,2,intrusion
1337.3324226469435,14.40239810407729,160.0765771283093,3,normal
307.1465152773084,51.43364923769692,83.77756478967923,9,intrusion
1275.3035916841566,57.990311336662685,197.12278822344175,3,normal
1077.168517769488,47.03676194922989,197.39737467419081,9,intrusion
347.3958799869635,45.55184937661233,195.97234466416037,1,normal
1236.3187681104362,21.46087838902644,306.0349479153155,5,normal
1011.8875679921683,28.398432435619377,133.89813762823513,1,normal
908.7027339994765,36.28211979710988,269.92888359265515,2,normal
1230.9884876913932,15.134248832471618,183.79972070496777,1,normal
280.19295926935706,35.5243297382529,201.64881201350332,2,normal
156.50347502485502,32.06418976283297,387.40549649808827,6,intrusion
696.7010836619813,4.667822836880342,83.24109613871757,8,intrusion
322.69501451520756,16.55278072500937,103.53844861235558,6,intrusion
311.82307993002325,59.9289521734297,319.3355434257944,4,normal
644.3168405038282,32.01683248493407,338.8852606926214,8,intrusion
471.53908677234614,9.939085930538596,175.48830118856327,5,normal
901.9458747752678,45.22068735268103,66.48777686866734,1,normal
544.2911335914091,53.115048502377576,150.8526481136372,8,intrusion
466.5995564010049,52.70405498807215,398.35285481296467,3,normal
1473.0643217652002,57.6514677310883,270.5363011937192,1,normal
1034.0885739096577,48.205936984038544,222.07727119214792,1,normal
149.4206146770266,18.929729093599583,450.402673012085,9,intrusion
1044.4110899624193,8.594879275494595,57.52533826568357,4,normal
842.0866092718121,23.13385303592322,409.0743615436785,5,intrusion
130.85939135899542,22.237906614924363,159.33216863558278,7,intrusion
371.72875901698416,11.915286578080977,331.6457306646851,8,intrusion
1482.219051415713,5.8620490807157415,22.781801595303136,6,intrusion
789.299617268888,42.90347854636112,495.5707640759178,4,intrusion
1095.2638101142488,40.08887851590678,185.11858283847403,7,intrusion
697.6813076682377,55.882415911907415,337.26899054186975,7,intrusion
632.6938140794908,54.05321491991715,402.27634156134343,5,intrusion
518.8850469620319,43.65220734353557,82.97554944597232,7,intrusion
1335.8267892187198,37.67457020187034,392.40734390563927,7,intrusion
1173.6872609942523,30.33702827643358,23.55698546330361,6,intrusion
996.4849774029964,34.016164395609046,239.09932354961015,1,normal
1142.9156152114729,32.02925678038457,436.98216280427664,9,intrusion
878.3167557088941,51.14568777548623,272.43915376252335,0,normal
1090.5615832589092,8.25811674276739,334.4365656236036,9,intrusion
525.744750882854,36.43572160470389,320.9793310153969,8,intrusion
945.4185750174938,15.327635981445471,20.817942581599482,0,normal
1265.0637382400282,9.60788831039521,303.73905212292516,3,normal
318.0215892905911,48.48497884773958,24.934855219524636,9,intrusion
1189.3185365100483,8.582291868440162,91.0480176873745,1,normal
650.0347349730577,57.92512394687155,261.26271584949643,3,normal
1418.713893739118,23.466865831879964,88.42325851957261,1,normal
167.93089259799757,26.611261176688004,298.0569468624635,6,intrusion
1189.2202378970899,30.410061465879462,221.8913336818523,3,normal
939.1721969234342,21.577656247776485,232.01601900693962,10,intrusion
1197.9666863964123,53.065900241245366,60.97382817756812,6,intrusion
1467.5083542850548,53.958234879075,327.84174994023186,6,intrusion
967.4943915747466,34.35593359694587,191.7758982437578,5,normal
654.8746318110547,8.617298493556184,410.07562609400105,5,intrusion
488.4422864061772,29.70963320384571,222.38917199101152,9,intrusion
798.3042061194187,39.145469770489946,410.20070564937885,10,intrusion
1020.3587460978553,10.434573517835576,261.0697725191102,9,intrusion
1160.7836332810193,34.235790072383516,252.91506569060454,8,intrusion
581.0416330134684,53.35499376703271,408.0675407335855,6,intrusion
1416.0716430503733,6.467042638535122,331.4432546800762,7,intrusion
725.2310951840699,33.09461174054027,260.6438489491142,8,intrusion
1421.2283223910833,23.166875721202935,231.3996163572948,0,normal
333.99527148546514,28.393451217491886,430.47117868919224,8,intrusion
596.0354992209404,7.259112393543418,209.16847357779255,10,intrusion
1454.2379989609626,25.394313667611673,10.3163966101076,4,normal
982.8187614433913,55.137543731527614,386.03517260211817,8,intrusion
745.2413947788955,47.52594273444033,18.38997000568901,9,intrusion
1342.398981345931,59.8392370425651,437.3862216819864,1,intrusion
247.0674897268554,28.170654168975638,280.83198530182807,3,normal
241.35484909106512,56.315480153316386,432.7996813522075,8,intrusion
159.41433497987953,38.74267619761959,314.03533922331775,9,intrusion
270.6298151045488,7.000272974593985,284.74307611956243,0,normal
384.4870107977626,8.358338832344884,24.069771526533934,4,normal
713.556806274941,29.4642803433351,108.1867846567739,2,normal
400.241487073325,7.505300651951843,276.2867024489906,2,normal
941.2189319640628,35.85150323718249,290.15106603682324,10,intrusion
1298.145040427657,45.13238161474404,77.17838517270998,7,intrusion
372.54768073932377,8.128352022849974,131.0047297120518,0,normal
1324.7518106689151,51.558409987534624,458.706228141132,4,intrusion
1207.8813066558555,14.769020046734838,320.3215113065936,0,normal
739.6861233353872,25.742061103416255,39.59350760370698,3,normal
315.69424414569085,12.49764136607401,134.26663691667585,7,intrusion
480.75370436294213,30.626006350087913,428.7577266435483,10,intrusion
147.8338371363585,7.604767883787831,429.7411935235152,10,intrusion
1328.3889313232557,14.300918872216686,63.848559673415494,10,intrusion
1472.013328215343,7.137613264591145,337.281185744275,3,normal
284.09547387438846,30.09127921581215,423.70430824276724,5,intrusion
1170.670786858473,50.913499048849445,330.39532422855433,6,intrusion
389.6606707762747,26.776402871831063,35.12035382170309,7,intrusion
298.2990645732423,27.19117792729864,137.95305567886288,1,normal
448.3430259600911,35.69799923252696,434.44228466392366,9,intrusion
1032.0003220870428,36.88491098879902,151.55349345841415,10,intrusion
208.71007429193918,47.62351292334747,26.71937344085006,3,normal
1288.1537041024349,26.060857396634997,360.9675658279584,10,intrusion
387.19762511591296,55.85136866165528,430.9888751299189,7,intrusion
575.449212718732,10.456762597443873,189.0746543898936,9,intrusion
694.4107813397259,43.532751605721785,339.6036539988568,2,normal
947.0910036385784,45.23974226787713,414.65683123630174,5,intrusion
1129.73052499738,33.183203975419175,242.127396982442,1,normal
1318.5373533319932,22.669115605795504,370.173361592692,3,normal
886.8085076748455,37.85925488859867,59.61024644170749,1,normal
841.8181028347925,40.98946822259176,349.10363875101814,8,intrusion
481.0953217632852,27.5045257192247,180.77702637431835,10,intrusion
306.45233560412305,4.7139313916435235,235.65627017478977,2,normal
733.5678678278383,9.237638879207138,50.90454923408509,6,intrusion
1131.1056044310574,28.928524955325162,45.57735735930705,6,intrusion
1436.975882559621,54.77764011995848,366.6469939459664,2,normal
483.0061513941896,4.809961465537406,378.6603868516089,9,intrusion
1447.2232468661336,39.56942537692602,459.73533924704225,1,intrusion
220.7099669581089,48.27407436156989,418.3695935924381,6,intrusion
1195.191704871717,13.588659299497943,194.1847676837309,4,normal
1414.9046358848948,22.59349374482761,248.45269430721805,6,intrusion
982.2631779709728,40.519022481028706,289.755029547877,2,normal
216.24527915740381,14.26351482434524,83.472858628489,8,intrusion
1291.1836087361407,33.10314946233764,278.96329238063225,6,intrusion
519.0019030518874,30.00530554359694,476.82885835287954,9,intrusion
1232.8379272978652,24.02081468088773,106.73050266810668,1,normal
474.36607322719794,28.539810005923464,49.977644093161786,3,normal
128.34832355148248,31.45997450573931,318.1114289513475,1,normal
1298.0423229592998,15.092153963942001,198.94652922259687,2,normal
303.02795299060244,41.246827373937656,299.7248560929168,7,intrusion
1063.1123392765664,38.007866110941556,468.2768223553274,10,intrusion
452.8926120185458,16.68434053257332,463.39319304710534,2,intrusion
1120.0288652158933,20.99545851509111,93.51946480074129,2,normal
651.0012083327832,27.087198184903297,23.784591777636173,8,intrusion
868.8330014522239,42.946743948882364,288.4238981423617,8,intrusion
310.3385359785666,20.71804792007413,156.62880046385882,6,intrusion
492.5981634122237,11.109694716399487,237.05201213107458,2,normal
1363.2598645951255,10.03045945020485,137.3551563361309,9,intrusion
110.06845420517845,24.920018469803605,38.42557961843647,2,normal
327.7549652004259,28.569784317061835,234.23660486720743,5,normal
1105.3707394945113,37.85001602508503,105.24149314950051,5,normal
473.7570196757684,27.068531512596522,442.83433287413806,0,intrusion
605.3495267707574,13.68973950591452,396.8832957291991,0,normal
1395.2247011307443,25.25038084649222,38.734872822952354,10,intrusion
1243.2552755647685,57.90169564294282,370.0163487401815,0,normal
154.81177355766334,39.25698727111854,341.0435838653371,7,intrusion
216.11444142069757,6.097783009761262,330.08039083587846,4,normal
477.4803371934186,56.91900564942967,226.88345138096622,1,normal
996.4726252164712,37.31635711496743,335.8032303896987,3,normal
1357.6510190504803,40.42569530932443,491.18267517821874,10,intrusion
722.6725371901543,43.74144509951559,88.15528837781247,5,normal
1438.6008279786984,15.68624904256718,109.96236384951482,10,intrusion
1028.9214960658778,58.45653900723222,18.92887487491701,9,intrusion
121.53000655939088,20.184935075547017,211.13800782732875,10,intrusion
1389.8510988356452,45.71112055212454,199.74586981482605,9,intrusion
1153.9832322428174,45.4673475340381,353.37937787545286,5,normal
797.9530657593401,41.505807197870396,95.16614188917073,7,intrusion
1066.2408902532784,6.842471661088005,163.37340993078877,0,normal
1497.1393011955765,14.882964932516579,118.4852750047414,5,normal
874.8844299139942,41.39475632929766,132.58313981962303,9,intrusion
1104.36450565544,56.140929667319945,478.99616460114726,5,intrusion
921.3621094302504,58.036594282383994,233.23232563497132,3,normal
1470.8122273275876,11.440616247284101,40.9555793600376,7,intrusion
343.08779998988,32.29148468329018,189.43150482798296,3,normal
1089.7007435394398,56.01486733884474,177.77026607175287,1,normal
1124.9643882439846,55.007812675590145,220.16065705243352,7,intrusion
1491.5530335772796,38.2295451723392,211.35037747099398,10,intrusion
1295.7186957991196,12.329398228006502,435.4330206357556,6,intrusion
1215.8306926326748,34.90868279902436,472.6610783763917,9,intrusion
193.61267234087234,26.513950226058924,169.45449705590931,1,normal
1308.9722457517958,51.0603486423371,107.3254610207814,0,normal
910.209388422957,4.98862013731291,157.06859996564324,6,intrusion
312.0259232181487,10.3424180299518,296.1937785706355,6,intrusion
943.1607160364291,10.08625567032615,190.74728109494146,6,intrusion
549.1640112620757,30.34467807937715,377.22833345659734,4,normal
1369.4890116266276,43.35007526431761,35.01294433950705,0,normal
1261.845668715324,33.381689493386816,87.40704510055696,1,normal
156.99981298125107,14.13924563192707,199.1885294458488,3,normal
113.23632644880527,5.986752322241653,179.9305057314164,4,normal
961.7503886188628,39.44018158644027,435.57410098985144,4,intrusion
293.6204549072668,36.93869318556524,238.6901305971902,8,intrusion
1188.47249126502,37.95139294223744,411.91138574896655,10,intrusion
606.4516613536666,39.33257984517732,34.86649041336638,3,normal
1375.8290088155525,45.11181594394887,190.17756836274788,8,intrusion
1206.4930904328767,56.2677828244224,448.1987827677909,5,intrusion
1103.0955911881529,12.388216509978976,24.517095635193314,10,intrusion
1322.1833866385687,6.70891103378763,103.57330073645188,1,normal
568.4236788006922,13.307594831764204,362.2254434365632,9,intrusion
954.5908542576415,30.963034493309,18.88547472937989,4,normal
1336.0785317638924,5.775569533576073,233.78565117896937,2,normal
582.4900742801267,25.90552123070547,71.52124086385103,5,normal
818.0288258966266,17.01263993481313,36.62357445869994,8,intrusion
1200.0507366621516,6.9220163774164005,254.17150694420866,5,normal
1028.3243926836494,7.864739714696161,245.54166186747355,3,normal
1185.1214476925747,52.3136025508414,110.11098888965462,3,normal
992.5412810572607,9.903048787204145,93.16522152482854,8,intrusion
195.07709208188626,56.79009773894066,337.0132996341404,3,normal
752.8705764175893,8.311450300274895,258.61203145970967,0,normal
1102.2274116297285,31.676156224986197,425.06027948084943,1,intrusion
1080.221805690808,4.486066325861791,214.74564002936756,6,intrusion
1307.7027498217474,18.59526758012295,277.3081494878058,0,normal
1305.5466915719016,47.17817883553099,42.87028057802636,8,intrusion
1418.6105411605906,14.638701819221406,316.4259153477689,2,normal
634.0742566482884,49.227021703267894,137.3169655388707,3,normal
1378.5742579385987,38.040329234356705,461.19137409124284,3,intrusion
230.59184940602972,9.269372252641835,75.76913703273233,1,normal
1089.3694941717235,7.158627462068297,329.36229923505977,8,intrusion
1475.0760287026162,22.73198643856447,40.46973267941475,2,normal
1028.6601612237057,55.458444131311055,147.47704052913386,3,normal
1174.5797224235696,45.944174329774526,141.06030097078357,4,normal
1263.890785979796,54.97619629872735,317.52082483661593,10,intrusion
237.59856339400213,36.700353389419114,450.5730321368449,0,intrusion
1032.8191178475718,49.432190121737406,409.35494327969946,10,intrusion
1134.3559389884292,17.37067100819122,349.63451176727494,1,normal
144.27990125092765,51.50599386887114,440.13022141947977,1,intrusion
484.96165655775,25.72203863979894,115.81079041069475,6,intrusion
1135.5003580713362,20.46462148980722,364.7865497964497,5,normal
1444.9693073337864,50.33698940421713,196.7965933927663,4,normal
864.1219513346282,39.87000644091883,336.9501956806881,5,normal
404.09128291173045,31.090667507867106,341.24840916356584,0,normal
304.63279906506096,18.078862519574272,75.49536648620875,1,normal
927.1250474534711,30.439631953112574,232.61972524030205,0,normal
1480.0206101609238,58.416167830689474,153.90668451544212,2,normal
1152.275615495529,51.360348460030444,287.0866294228111,10,intrusion
326.5253672679636,27.307889953502986,341.8330844050613,5,normal
730.2355661442205,31.42805770811719,296.72915756514357,3,normal
1220.3465360504988,7.9235521055726075,55.501087925055465,10,intrusion
1158.846787835009,47.7019771714699,231.0383060622967,4,normal
964.8989026807592,42.06285424565289,170.0871045386771,1,normal
756.196251003576,36.872560128204185,438.93214632245804,3,intrusion
1003.720940267828,24.960903614113068,399.8298534996128,5,normal
233.67564444327007,11.8005802794838,255.39350989965598,10,intrusion
748.4793909609857,22.67102700896165,351.1837959404298,5,normal
947.2712091607212,50.793921908174866,57.22488646229927,6,intrusion
715.2722723170639,14.091255527063907,267.5241187777098,4,normal
397.6003820158824,14.944783085446826,390.4859497003948,0,normal
172.36647830773938,59.22962000466887,102.02311031891047,3,normal
1331.5137084059193,9.501616889890926,86.78134945566491,9,intrusion
1082.8978303328163,1.3436485712106037,207.51947458053033,9,intrusion
755.5830885034438,55.72933137349278,351.299919602064,9,intrusion
694.0607480005325,39.36982588945819,311.94535908065257,7,intrusion
544.7659145169168,12.641197712936243,309.88178433870723,9,intrusion
639.8346396766461,57.16269239869305,405.965850198492,1,intrusion
904.3475280865416,32.19263070137461,16.766034614866854,1,normal
1220.9533611990464,34.172933132112,90.03942954931097,8,intrusion
152.67151372970363,26.94657774528829,163.5525763360772,1,normal
1098.4690084201402,34.53637268962404,335.8805956538255,4,normal
438.8588011896967,7.624794057548041,65.44249371935382,4,normal
166.10566073558297,56.07521715229274,238.64842292508115,8,intrusion
1172.7597092014419,24.055266835374873,105.68120528405352,10,intrusion
643.263594634398,18.083056990683733,441.6210770030593,0,intrusion
918.539602903036,16.796402760787128,196.12040884617807,3,normal
405.0446568184675,55.164848406417775,103.69164973646048,3,normal
254.30549532133543,12.544607043509547,193.26600067080173,6,intrusion
322.57871473429236,9.399290108326273,349.3540380126247,10,intrusion
1316.9246458597231,15.781363308399046,163.2913548947646,0,normal
1152.062164027343,10.729574533087133,89.63569877970248,0,normal
509.68644335364974,9.816154062242926,364.1687233665005,8,intrusion
204.0607946632071,20.929257986076475,85.17029148356683,7,intrusion
465.37921136940423,14.005076096848041,189.60800150173824,2,normal
1012.5284449793616,15.051391742395195,292.65722814799534,0,normal
467.19223077426375,11.586876718354477,197.04856322412482,0,normal
691.6140500411635,17.030123195845345,189.27655579568315,3,normal
486.6717319357814,16.84222112363077,136.7721036244971,6,intrusion
858.0461311966959,59.17912456758646,167.3467376457863,1,normal
1294.6924300879516,45.28885957914298,267.10685689828364,6,intrusion
535.4072944227952,50.97829349233268,315.9367224406796,8,intrusion
1246.2404188439439,6.291591973168085,488.568715246074,4,intrusion
912.9452938125977,7.834172044387174,117.28354512337908,0,normal
1099.7385124643833,43.60121580299077,68.41851481567957,6,intrusion
930.8439082616386,17.573776919393175,261.89030921953304,6,intrusion
1470.8736078180598,13.038279536824703,478.0064284354105,7,intrusion
1343.5043845303287,38.73953652535285,41.411260876162736,2,normal
1175.3036062378414,59.20898640088086,315.09933685307345,3,normal
155.41876484665215,14.273401655002656,378.32914730503296,0,normal
1387.1626457030159,51.435562991524144,182.08348247784042,4,normal
1031.4301151985117,4.307149661638449,160.27138257064982,7,intrusion
519.676375131115,34.01416767552913,236.0834645780928,9,intrusion
515.8245065519295,23.947584651111576,451.79485306937556,6,intrusion
1217.4081137548374,41.80244527705815,428.11256872970233,5,intrusion
531.3865027961161,16.673559026685517,182.80557173518565,3,normal
639.5574286836214,27.90974723860799,10.024219592559389,3,normal
671.9309823937482,47.642247788708815,263.4853726802778,10,intrusion
1245.3175754066178,40.915019169858766,356.62868645444195,7,intrusion
566.6245236316707,20.191806228895807,39.63565907529987,3,normal
319.0207599262899,8.143059622298344,71.94221785410627,2,normal
304.66235694448824,3.966293950407411,239.6250991519843,1,normal
173.00331665030836,44.158066203989605,127.13080161397767,9,intrusion
513.3326116170097,34.41754685108136,307.8644103883705,3,normal
318.588879513554,25.30886550567611,369.4082964980054,7,intrusion
897.7641983898773,22.049771995199933,177.72982108226032,8,intrusion
670.1006857202046,2.597442315532298,182.6586745027186,7,intrusion
326.09494537957585,25.46849187234146,428.144213106227,3,intrusion
101.6302399833027,25.728025366644253,190.16512396793004,2,normal
223.0251550539167,20.35764201475607,142.21552678944897,1,normal
677.5890397566899,34.05162096977683,188.68971455379224,4,normal
597.916828347767,9.037391653301608,104.80140025317742,7,intrusion
1039.7411393008474,4.657305127238127,237.23198213717075,2,normal
1292.6496655722306,21.944853258612028,490.6837682788862,0,intrusion
1073.7756128714273,46.194195378815195,372.288742689646,8,intrusion
1369.754497333677,16.486206675255538,431.08248141269945,6,intrusion
1378.729640571682,4.070986892296332,93.03619365834422,9,intrusion
562.946356073228,51.57036404452101,196.53770305202175,4,normal
363.72920143415337,5.352747593683455,10.065862236078434,1,normal
1129.2408252795296,40.523169616649696,279.3883358715637,1,normal
1430.1557674450544,37.05460788419519,99.56726876906818,2,normal
1026.340697146089,40.06832287472814,11.691451566191079,8,intrusion
380.333432642205,25.778474606300815,338.28050216592703,0,normal
1337.3263831653219,45.65802504564693,129.80248105343279,5,normal
1068.388965081017,43.33405610330811,188.41285465561796,0,normal
872.1688749647957,7.799304126270332,217.10050571421627,4,normal
224.29882277392812,44.66797951123111,477.4970622695296,4,intrusion
184.51377494182137,53.55351293741681,214.89920639422152,0,normal
266.3812216936574,19.824794454090632,72.10483326246839,3,normal
1263.0008129602477,11.372595125684402,272.87844938867266,10,intrusion
1231.1861726270154,43.178825101296724,374.7201207772707,7,intrusion
1496.9472338606831,17.497549767830726,96.34179539850145,2,normal
922.2954007087532,9.233205401575908,41.26936563534747,9,intrusion
548.5891689802904,34.35108969468062,323.176961019157,7,intrusion
156.3633774044061,39.917111735448714,57.71167237338489,10,intrusion
456.6973802272177,52.93985987463333,133.54384970075847,0,normal
343.48184243667845,56.94640970187652,15.894765496278705,8,intrusion
1402.2682690543988,34.537111575564765,455.40934256136313,0,intrusion
160.96109531616244,17.724112881069974,418.4199357347311,7,intrusion
995.6780319979126,34.96045641571105,110.47583265151542,5,normal
1232.5123433661902,22.159393375084093,211.3309032656855,1,normal
1181.6462696033725,10.345963237482998,173.86298261029293,0,normal
1190.107496072224,51.88332224038894,142.8373249056665,8,intrusion
214.23086735478853,41.99457361015293,463.37749122927227,9,intrusion
1286.1089284925808,54.38776379826148,455.61840864005063,0,intrusion
455.20646182692315,34.67018399473978,127.23286461306235,0,normal
624.3704874278866,40.39384698015363,38.03245955569836,9,intrusion
178.79535646789952,11.275422444131573,400.9286848773506,1,intrusion
561.5520061597138,34.25969492856807,362.97012500183246,5,normal
1298.4203713519369,48.87033230341718,382.1093503521821,9,intrusion
1411.0729399546744,6.4956229826770295,193.33205569134867,1,normal
679.3535342598562,47.627682433082796,206.693751929514,1,normal
126.98930659300281,10.661095349085645,204.45271038876567,0,normal
107.54072383400535,30.568951931539573,381.06586995693203,10,intrusion
533.4332820794821,22.453305498122038,217.35491811196246,1,normal
134.45773729235026,52.77926040380296,420.893505161816,10,intrusion
557.7496380860123,38.50001681564937,349.91993124126765,7,intrusion
315.49605636895103,27.33784912769455,488.2854415975416,9,intrusion
503.1562520816382,11.882882117923035,224.4669002654655,10,intrusion
408.2704778435526,28.543070337645542,238.6391970260056,7,intrusion
1149.7666013532166,3.596510812363685,206.42528556669333,3,normal
985.7019607047087,3.7367794977778153,314.92431861229903,6,intrusion
485.5130598347377,55.9596362765142,270.2811468198497,9,intrusion
886.772724162651,11.427013416216736,305.63228582241504,2,normal
951.9697345875935,3.3148851054436586,252.547510963939,1,normal
1045.315444510594,47.22470888364393,152.05633261114227,5,normal
277.50276022830275,1.475969939762987,218.38653068630214,9,intrusion
1149.8269240696327,48.52968992296471,94.26405344763074,3,normal
310.7135553503391,12.559256132985354,358.68776975994444,2,normal
862.8733818203569,19.45330999011158,301.39903265855816,3,normal
101.64387972661576,30.08420868500161,352.18312769238264,0,normal
740.9600076848395,1.3606672145020422,250.4162450373333,6,intrusion
1461.8454971023048,5.11679149653617,13.126392492713055,6,intrusion
1194.879746637051,31.983066066248384,394.1933132191381,6,intrusion
435.0809751976398,58.30787146368365,62.05130518273769,5,normal
995.6993499181334,42.941681766642894,85.37628079159298,3,normal
1284.7758127878617,11.368684410580489,122.99845054929926,5,normal
794.618675331027,10.143427316232383,176.8318584249922,5,normal
614.3454000021828,39.72239153754867,491.37511662602446,7,intrusion
1346.3110227685124,33.829015514849054,488.8068903636978,6,intrusion
1498.4910644971344,44.634207301098044,492.0463450452355,4,intrusion
1348.4939382726268,52.431313956428546,165.8594056405174,8,intrusion
548.3205349413234,40.47966509753809,251.83339014677964,10,intrusion
994.9000907430491,39.24741040801636,429.1486433222791,0,intrusion
1141.5373986666045,52.79557400906125,66.75911520076806,6,intrusion
1257.32882732158,22.295898181682013,188.47171863550048,8,intrusion
1175.2572879464942,14.104490598302622,222.98517053498784,4,normal
743.4636114368062,9.302916647483066,467.1317239451963,10,intrusion
1353.2278846063837,39.69277879953313,396.6835998945135,7,intrusion
1282.569278367826,17.893710874167013,268.2026857616561,3,normal
1196.5316681978316,36.159642453051475,282.9021902650625,0,normal
1378.9187090221162,18.911932214323407,494.16603312538774,8,intrusion
614.6036465026848,23.42830797440495,315.0548313493617,2,normal
866.0223331087452,35.8961207387391,50.09782317719144,8,intrusion
1476.6888591376182,39.02885576185259,398.8004262702654,1,normal
1333.5968100866146,27.315287690321902,203.59525690264957,8,intrusion
1121.6109878703228,41.73076888090707,178.96028198696678,4,normal
1186.59764089056,21.801228537148255,139.3758065552453,6,intrusion
198.51845297576907,48.23636451089637,53.87328999502093,0,normal
472.8979533502324,36.015520576502716,206.0280806661992,5,normal
428.2576155494221,34.42330381558925,368.67646381829394,0,normal
736.7346966055403,56.49979769248745,74.70671586582291,4,normal
461.6902972140638,25.622817497445812,491.15317520956535,4,intrusion
577.781408258408,36.283043420289175,419.3440583568195,6,intrusion
1230.5178958452182,26.2761504253003,415.57802911886006,8,intrusion
1452.7728909665086,43.80295972435308,464.152951356317,6,intrusion
508.40748639530045,53.23663558743789,39.40342960292982,3,normal
1007.3656106419894,58.18843074026118,411.8643132097033,10,intrusion
269.0695887963577,25.906865232987318,359.0756737103123,0,normal
657.047435871874,25.486206954911776,15.269937079558066,10,intrusion
1115.187514411955,2.218699881978483,205.45504470777107,8,intrusion
1412.4176325919518,21.537295687402146,58.75771743852282,7,intrusion
683.9726594574096,35.21570625605195,24.997061012419376,2,normal
792.7462079365275,54.557628567492856,245.31054184100208,0,normal
1008.6851603118214,55.69942715712667,214.4454415983827,4,normal
300.57826591334117,10.102208427397949,63.73279253821599,8,intrusion
1453.6536292870583,57.84782855053218,451.1252366240078,0,intrusion
850.9996397980701,53.6660005469249,119.78057183836147,0,normal
672.1308314424418,11.119096134571521,347.69770260461695,1,normal
1109.2754043326092,6.3300928495263005,351.86595523920323,10,intrusion
129.70261575818748,57.83394080454463,374.0131265938058,2,normal
393.74301917005664,28.441117279244597,331.9296385061712,3,normal
571.4092657220624,49.485235954671126,156.90104659290898,7,intrusion
365.18058196561117,50.234800320871614,63.0892945875253,7,intrusion
1309.594104040289,35.60619854411938,370.26926900351054,1,normal
1438.4132435774316,42.31969135331771,394.81522525824045,0,normal
1166.754826905581,49.97290597458952,160.12458655663505,9,intrusion
1466.083605732269,49.06858263102897,466.52558759574026,4,intrusion
1407.1637790441753,7.436389200301555,187.53402072175223,5,normal
232.5587493149957,40.626011960476426,333.96009549435365,7,intrusion
177.42309260296832,10.184794371387264,93.94837316529878,6,intrusion
697.7143417888548,5.108406116143275,211.5628399785741,0,normal
318.29597465518566,47.721495319150975,152.417057969589,8,intrusion
1036.4590132923504,48.04097590814005,273.9219079643075,4,normal
738.7995336804952,21.112981055433302,244.28780238682594,0,normal
1348.4893282932928,43.68214214773986,169.0886720915337,2,normal
536.4457450136505,6.621541840081899,75.01378852060647,9,intrusion
1249.6257335438258,32.49796756496026,61.75810885831749,2,normal
313.30026525214726,45.66802073342365,161.13779041075207,9,intrusion
672.0268617390359,45.188793640742176,274.22696803646534,5,normal
976.39188142116,40.092583784927776,243.66043982673696,3,normal
1092.6285196565736,12.801751394933294,42.59100700501319,5,normal
448.5282509917582,35.18227344341123,224.23659718878264,2,normal
1194.208327971854,54.930618034530525,102.11361346682318,2,normal
421.8968394601431,14.530576317371924,161.53190010547434,0,normal
923.4484413557461,26.510924423937315,88.39971517149586,10,intrusion
594.8382554683983,13.92959381372275,400.5015877798081,10,intrusion
641.1399500567453,6.520394936154892,329.76943359359666,8,intrusion
618.1141644378838,5.619859772531751,300.49254415345825,10,intrusion
453.58529614226353,48.75522271556038,422.698650152914,3,intrusion
166.089446757824,21.269569871018728,483.95321184643166,9,intrusion
896.6386410883092,41.39126276258991,441.60776648638006,5,intrusion
442.32753096902985,47.81774032424476,160.47652850089673,2,normal
689.3638325093018,58.58764881589694,147.8245739002057,5,normal
1235.0394799138874,44.87075141606255,330.0128128873263,2,normal
1310.4932116027285,36.17670773000387,444.784634897503,3,intrusion
245.0727081498182,10.229588960639912,166.0060433110962,1,normal
780.2716381090353,35.092078984121216,148.8569749583729,3,normal
630.6921969475948,1.3628417155446222,101.00045930727312,2,normal
1350.1321827273796,9.201330205537273,119.54549700005036,6,intrusion
1462.671480883139,54.968238003345675,365.4333666196576,8,intrusion
718.4775968216535,18.90633550414503,75.90192380905476,9,intrusion
1321.4521965868266,4.404007840030322,406.93918186659783,8,intrusion
1207.0554655389637,5.956199966627019,213.66188111037067,6,intrusion
1131.3894612019703,36.797209926435116,60.531201992561236,10,intrusion
1410.1265863887734,46.79770147339284,213.08533940187877,6,intrusion
947.3727644786693,56.44202284935104,71.57171118471872,7,intrusion
1115.9496176359762,19.751001371059115,179.01153636509576,6,intrusion
780.1160703897089,59.4108267727174,81.14707215672495,9,intrusion
1275.7927227091075,19.571277958281108,55.927036532996574,5,normal
1464.222212156686,7.3649143218080875,263.8226356879844,2,normal
303.92821564598637,42.388994449670314,393.02720122707217,0,normal
617.6950422340207,41.86610445653486,204.60406051289058,0,normal
1095.4433509091507,58.21934460772377,469.99505334010394,10,intrusion
970.3635584608644,40.44182135904811,284.9947698121249,4,normal
1388.5800071944614,34.716853481995294,499.2158837495395,4,intrusion
915.0376871233204,3.2181598429401834,360.5300013755105,2,normal
322.46053730856636,45.57871171387063,225.16253990757988,7,intrusion
889.3688404513604,5.475374024973941,265.38121102854876,5,normal
881.0317514626821,32.97225848851272,197.6991285422925,2,normal
511.06460466704,36.79301228452437,143.79937650720987,1,normal
859.8939016492726,8.577742514837372,470.1454921195684,1,intrusion
1424.6307798283308,34.32634850485228,150.77739008473733,9,intrusion
1364.7379413146714,34.497459782839485,458.4661040230886,6,intrusion
1471.6756138913652,24.289025329578212,264.07911550206006,0,normal
237.27130169531685,42.77100613202196,39.8755035209188,6,intrusion
1209.428679263388,29.346343683529852,430.4727509588266,10,intrusion
1127.2272943806079,33.03141931745039,420.2534611897174,8,intrusion
778.2582869817205,42.49319706184112,69.27096951842003,0,normal
183.8570706132346,55.641919389305556,254.36337429239202,10,intrusion
650.8213943953438,54.950945901799535,186.17194506503913,3,normal
505.3296255628021,56.24486202785072,135.86433884721814,1,normal
1153.4938169178893,39.432035878879745,466.95947029601484,4,intrusion
887.4392726233771,52.357551995923124,487.620723843543,0,intrusion
713.096268139974,57.19400236561944,54.22010485535163,8,intrusion
1469.3356054736266,30.29504282152788,370.41254871489724,2,normal
304.5285735750049,14.437706569170173,76.11668052275905,1,normal
749.9784999622377,40.14472723512196,476.86990802790115,8,intrusion
352.6898576104217,50.19330100490369,492.39892001526084,6,intrusion
379.8598172468505,58.04814758180588,103.77432335091571,2,normal
881.5985354958841,55.831879734590686,228.60742920595342,1,normal
1486.0375988811293,1.7519533894794506,426.5149473493227,0,intrusion
1241.4966498102954,51.053824032188466,128.86349955585004,7,intrusion
785.2441330724115,54.721157767233855,443.75128238764046,3,intrusion
1033.0010961199443,40.208331983882005,26.745768077238072,7,intrusion
1484.2171191950938,13.48571109547868,96.14591733727104,3,normal
466.78147035110817,41.766211114827136,16.688716914329003,2,normal
526.7394400648701,32.433748868744615,491.0663146203927,8,intrusion
406.01946858032153,23.84832127592516,262.34180066531087,8,intrusion
273.1327499876412,12.90576972828569,238.2132283899022,8,intrusion
1497.120930510755,35.998329021964416,486.3767559781063,10,intrusion
817.9174225783036,6.048471495555262,352.1359054196008,10,intrusion
471.32077384929454,19.696423921634285,93.86671940051794,5,normal
697.4070139933623,35.263887586337376,409.4005314918315,9,intrusion
1338.3986311753765,57.94834886529859,224.9967370098599,4,normal
162.72597214875705,39.288515697058244,131.5117286845183,6,intrusion
1245.9935996674537,49.86560939051582,388.5294400513329,2,normal
741.9985699004076,54.16464939343966,67.03771179403165,1,normal
862.9049774566536,8.530774652944338,269.441280574755,2,normal
891.0311407892668,51.542561433779056,192.82947487226372,8,intrusion
688.5336601160739,9.163804343345081,205.95998733600536,9,intrusion
935.7725090013032,13.372788510754653,18.505003855525374,6,intrusion
273.07945658497033,1.2052908065307204,450.84920389725056,5,intrusion
1137.9247661823113,48.21175489724533,126.84676532729148,8,intrusion
1457.358772984141,33.93193312561122,138.10998636482597,4,normal
457.8485778624912,56.77645674072732,477.4492033588493,6,intrusion
565.4428734861892,14.81374732053934,129.13707029189965,9,intrusion
1287.110291613802,53.88818302463148,301.1882558325345,8,intrusion
1081.933851771546,24.61388095353148,21.048341465586535,3,normal
779.2368206743632,21.212249459413886,275.1982021394595,7,intrusion
1338.0407692377066,35.47915850644951,376.1495546460988,0,normal
1417.1786708730513,45.4156477540695,249.23658962975546,7,intrusion
1079.9932195402728,51.583072949695975,21.24480790386103,4,normal
540.2893337218028,36.60615505750603,386.1091572574439,10,intrusion
422.16564293458856,26.014061108059064,375.79411040843473,1,normal
835.7963267638605,32.63419187909256,294.9973357406853,8,intrusion
1101.1601402629171,54.726860627681035,40.03408944386033,4,normal
1202.4530012445653,19.492752345180012,438.06200335202476,6,intrusion
932.0606065501261,20.747263610811704,318.38012915555163,6,intrusion
324.2948187089984,35.64509793574624,452.856303163458,7,intrusion
844.5004249731461,19.677246760220495,353.0515030349571,7,intrusion
920.2435337501444,39.24471008243469,226.4438415332065,8,intrusion
1359.0579373595756,12.943330358771691,180.89487545923765,6,intrusion
739.4098037765356,25.39232798860249,101.51070917330982,10,intrusion
1065.1201654464185,10.351661835603919,254.4503226165514,1,normal
1090.4482983633172,59.86273275696971,319.1617236647262,6,intrusion
1329.196519770923,55.858805541951455,293.9883450453853,2,normal
1012.3649535469526,26.659187703923592,216.64382221691773,7,intrusion
968.9427157016837,59.86510140661443,232.51984846171325,10,intrusion
283.8497762099249,12.416564702199764,147.84356771133986,1,normal
1223.050354287009,32.0479097680931,461.4734249008264,8,intrusion
1322.22951652343,47.057490359364564,36.42849397834256,9,intrusion
339.95641248526687,44.875985324592676,134.05504134677926,1,normal
1039.2367146099098,42.656424883615415,293.55018478841856,7,intrusion
642.59391606444,37.86703761548939,456.18966539843797,9,intrusion
785.8993297515975,53.49327880475949,185.49750980766402,2,normal
475.1941294631652,4.830630529787338,272.8805582446188,2,normal
650.268149117966,33.387460653144906,41.7314393139895,7,intrusion
734.6710979916069,30.44346099323145,320.12103578184104,4,normal
523.8223628892258,59.19418159501656,45.58427537555571,9,intrusion
122.8383614981799,35.09641174750999,462.069160056108,5,intrusion
1124.7834004451854,16.55349888294179,490.4170666289218,4,intrusion
446.7586297893329,3.344644114582339,408.25839329886105,7,intrusion
1464.8612260286286,47.343990127343346,52.90395653193771,2,normal
423.10870549420764,10.477450221433545,264.9210404684361,2,normal
1125.688042863333,51.433687556841804,204.7625934524431,10,intrusion
633.277452439388,52.671122957994605,89.77312512681907,5,normal
814.3374079868659,19.844071057453164,337.9225320164407,9,intrusion
843.4276405757746,58.096351233819796,483.6552580136717,2,intrusion
1499.1675721904562,2.19543416661351,167.42703863482873,3,normal
561.651551172009,39.088244970777296,331.47725335690455,7,intrusion
949.0310391124439,49.11737845500687,439.8008092929113,2,intrusion
359.38319777767947,14.764240060545616,306.5343768389768,0,normal
1052.5263276195983,16.499512390578303,205.83510132023622,6,intrusion
590.4282474682378,33.451621342602294,342.3021857284622,2,normal
572.3747165235741,32.293267386164985,65.33844409042405,0,normal
1131.97857018705,12.801576573590486,177.74443704888242,8,intrusion
795.4518862496997,9.713484869429555,281.4258120396443,1,normal
1320.6378839223487,17.90356373733649,416.2036377816714,10,intrusion
861.6446756021062,55.731083253963995,47.05492804398206,10,intrusion
632.9548015232976,15.240631453936045,73.9756026272179,0,normal
374.85801344490505,42.667003784749994,446.63331056516296,0,intrusion
1273.9055443423852,28.34432416306658,268.6563328719601,9,intrusion
1465.6238761054863,8.243392287666547,330.36752559817415,1,normal
313.4274728594095,7.808497796200525,345.4338920794509,6,intrusion
1294.7531759534538,20.565472595976846,225.32168396216943,8,intrusion
1181.92239830711,23.14020415241027,430.2057444619002,10,intrusion
1292.1228370877561,41.3861792113171,471.18322131291507,10,intrusion
1342.9505751608883,43.09233168973821,492.44033981674085,8,intrusion
488.35884476752585,3.901555568929292,69.28833134325882,3,normal
422.5839709896944,56.147423727662826,68.557580315722,0,normal
361.63745386091756,27.640341470488053,214.549910688906,5,normal
647.5837625049576,37.18548782493587,278.6462783663295,6,intrusion
1107.3748166032995,42.36657080575737,72.19214271543264,2,normal
636.9588378495416,11.245764426271514,259.2445132115437,0,normal
456.7931251323663,12.19003949645012,218.607132159991,4,normal
624.6534433517271,44.66178041958828,260.694659451172,0,normal
660.9992720739205,13.322578795944581,428.8856592663013,3,intrusion
872.7255423326798,55.87639895438532,300.23673351160096,10,intrusion
167.69442508851083,17.904935562945745,67.89978366921099,8,intrusion
681.1357540115024,53.75029544818921,415.5790640342831,10,intrusion
1305.6269072766186,35.023086024263186,272.9035963966667,4,normal
436.3607942172993,18.59254091593661,478.4869015121608,4,intrusion
1015.330763351912,51.98930061895674,340.20569990131764,9,intrusion
1064.6774634906797,4.109971339085382,421.44087170431425,1,intrusion
1155.1162285810403,41.84554939745969,347.1575826579067,1,normal
636.5087010353072,17.003080500920444,278.82803224158437,0,normal
1185.2163088444224,1.6538892950139226,293.54724020122677,2,normal
426.8687149981479,17.61706144478931,339.8612686050157,8,intrusion
665.9794074981978,18.66430590486194,399.47613296561445,4,normal
100.51769846158571,55.16186686797234,475.81103219848416,7,intrusion
818.1487461636129,12.342826619398174,128.7460083056657,2,normal
1370.4756938373189,21.1524488200851,14.155149414287356,8,intrusion
360.39084263114046,46.99687146779603,256.596008513348,5,normal
1143.730001644445,25.919092335019005,147.65783651721455,4,normal
179.36144723671697,32.590081008521906,215.1475863592954,4,normal
866.8927333935985,38.4258505742612,85.89100824218716,3,normal
183.50892017506692,4.1677895817578285,87.4391266273375,2,normal
1475.7904661425468,22.330422618559815,77.58465201190072,6,intrusion
732.4865678134082,43.372109928564086,90.3269595773556,9,intrusion
584.4525608924305,17.84204164923707,449.5230333556046,0,intrusion
647.7408482864272,39.96697503594359,189.83837773225378,6,intrusion
1107.537466048917,2.909982278519519,188.2541342066003,9,intrusion
1218.1713388449846,29.8529059622398,243.549194701832,8,intrusion
1164.9606299267025,58.226744412518606,90.47184410115547,1,normal
1480.6056103778178,19.597791896237254,189.1097057448074,7,intrusion
1438.1592059398104,49.08594190520332,178.54055190546813,6,intrusion
931.3939032153937,18.27789668644781,446.2597313003651,9,intrusion
1429.3012574063184,26.02058848154439,497.2337231609023,10,intrusion
1267.6217474111907,23.742937905206567,205.75633145549466,5,normal
1419.51045043992,57.04780869239512,167.60968362754525,2,normal
733.2162654440202,4.1223135535898745,167.95757582870849,2,normal
730.3558197323985,7.667815094251906,339.38367568189676,0,normal
792.6821278643241,33.89332631097474,358.2374204950557,9,intrusion
445.95720798966437,54.083233546332025,233.0302024703,1,normal
688.8354292466266,50.19834609291284,168.22941505920164,6,intrusion
1087.3863919929686,57.527128574787206,291.800834753588,3,normal
774.4825065759736,29.51946497389953,33.03034712084687,8,intrusion
634.4763442712864,31.72611940657476,94.51656582148325,1,normal
942.062634647484,43.9011374590589,134.81493983339635,8,intrusion
286.78264661633415,18.83220651931762,46.37464418116548,2,normal
129.33860227151948,20.418119206178954,96.8101483014879,4,normal
839.5426955338332,38.238756214459904,475.47801353113493,4,intrusion
1298.930041235232,20.972116706027183,311.33281278337233,1,normal
1237.7106181706326,33.317913169707154,151.99432540148106,9,intrusion
1113.3402306184175,12.93811589664433,420.7528673148723,7,intrusion
477.03296722278435,55.814736961978895,497.52261786354194,5,intrusion
354.8535668018909,21.618812879519623,364.62024777220086,4,normal
921.6661755357162,36.51763930939411,473.0645419830648,4,intrusion
888.6847323687747,54.9459151576363,81.06202487619954,9,intrusion
608.5551188680986,10.389986242002944,439.61406482173123,1,intrusion
616.1081609492711,50.273430403853496,158.19327992893093,10,intrusion
795.7954559518818,36.86541897963947,236.95904635852258,9,intrusion
572.0173367436496,16.626652909243056,304.63862407757864,1,normal
133.19595266303298,21.30541873621731,348.1065473794725,1,normal
1340.8261040958566,58.77509931929575,332.7553862608122,0,normal
823.3937812821696,24.327162427977754,170.90966060537136,7,intrusion
859.1428580575122,18.64825396648245,63.72051174693677,0,normal
1029.4766936698034,57.958896655049855,495.956105182369,5,intrusion
171.28043815985663,45.22919554564504,258.10091279566876,9,intrusion
575.1261246492911,30.721507824191306,38.31457409898321,9,intrusion
1363.6380710420392,45.05281643688525,285.73257660492976,3,normal
292.44233812665004,19.34966340517497,375.35599997126525,10,intrusion
226.01722817644293,42.71480858258598,330.5696143639014,0,normal
1269.2034167218837,13.320648633068764,143.24613410747457,10,intrusion
1478.8905822035179,10.69117263596496,482.3155398658369,1,intrusion
403.384130737403,45.86317397176314,164.11327192441766,1,normal
1316.098638734104,7.207436793336449,206.75024189569876,5,normal
1393.4960953002821,5.634849200626892,436.4233595831296,9,intrusion
1388.7425854468356,48.57999887342162,265.1317060483226,10,intrusion
674.2940177369566,20.078095087251107,307.06046086946833,8,intrusion
619.0171986797403,16.714346861924312,256.6484253574487,0,normal
119.03693239323367,24.060227964115565,264.0235554631635,5,normal
511.83558220236165,46.62673706159027,244.66001297303316,9,intrusion
1426.8052209964555,11.974862589274567,195.66233487427107,2,normal
606.710201814822,52.77036263508338,158.3590882122933,8,intrusion
898.4640936246901,41.73220995080549,168.7053966935149,6,intrusion
515.8645729544392,1.5547562981631953,201.30986287914587,2,normal
1308.4484100264742,31.48812118914725,102.64332062176747,1,normal
1355.4614551465145,16.429882103772442,65.81171691320762,2,normal
974.1935682084621,37.305854137187815,70.84451877960785,5,normal
442.53595441377746,49.86186850035459,30.752904262208897,0,normal
669.5108052877142,49.82902665128754,333.67398531411374,10,intrusion
1266.286067559206,58.242473265254084,403.31078513386814,7,intrusion
1065.0984653346836,49.049417288224326,407.56593971254955,3,intrusion
551.460827922351,30.714169763775587,93.97537083451775,1,normal
415.7649957871158,41.39551789254507,414.7468836253745,5,intrusion
497.5065260811272,51.77174754277013,135.7633774601794,2,normal
679.501539274029,20.731871319111463,199.61107993155616,1,normal
1427.018920883899,18.36375950481618,73.67850447678805,6,intrusion
510.49572699546894,12.87361492019007,433.0587100129614,2,intrusion
980.5005173164587,17.37385490535452,386.5263563364246,4,normal
442.16588216919155,11.251387856980458,331.27222849688735,2,normal
833.2695579268958,7.649483739686393,69.14158362836764,8,intrusion
1205.2421415316826,7.725662026277254,274.5612347137127,7,intrusion
1290.246109106554,5.268561823031272,309.6933238742333,5,normal
1239.1384439806216,1.813500739778307,100.67372879323693,7,intrusion
470.6526545546518,37.62271052233596,115.65121158934615,7,intrusion
1036.4381367050387,43.397014371779214,316.2999751534165,9,intrusion
1160.610274404239,21.40201985345723,361.93226618712094,9,intrusion
881.3783709362554,15.13049692811999,142.42921168647496,1,normal
737.9803251839311,22.476803254810736,56.20037721790378,6,intrusion
1198.0865097409962,52.180629053020326,160.90432978163219,10,intrusion
179.12718481288323,21.53562098575372,376.82649674455655,5,normal
326.44710328805866,18.17138016248815,122.31354621324971,7,intrusion
478.47523298816236,44.659385950111385,189.38156827855153,8,intrusion
1412.4953051872467,41.458701890141654,407.0645832762723,10,intrusion
1251.9682871994262,37.77368162284237,121.56761399456715,2,normal
795.839321342462,25.805426151884724,449.0855828116208,6,intrusion
645.2068690985633,11.092244757676873,473.29945711026426,5,intrusion
1426.0768204658661,5.76883013439504,435.33297188328083,10,intrusion
291.77324434711767,37.15512302669668,170.00581155370003,9,intrusion
1385.4288845974556,28.464891585640718,389.54315411256204,2,normal
250.67402565991253,8.676494265100432,91.39555885076649,10,intrusion
1043.804297156985,59.35896999786849,336.48846343276233,2,normal
277.7415638408171,41.74680012813491,278.50909991152406,5,normal
499.4250688722248,8.314806754704957,467.05015096221547,9,intrusion
455.6663904195595,14.00444187774094,79.70446311475919,3,normal
128.76236776438685,58.50569440176163,470.6510301984846,10,intrusion
222.35819517186405,6.443594389260644,334.8702790662357,6,intrusion
1339.355102627682,45.176078661578856,375.00091908954886,2,normal
1429.7131000059896,32.930469939407615,283.52072771051326,6,intrusion
1208.4372670039986,14.521646780416294,16.946067172377653,1,normal
438.0944240271276,45.90205516467725,415.6887001318762,9,intrusion
813.2482373715171,55.58768278183143,434.6135835799104,0,intrusion
1173.674514414958,56.17841530328906,465.95852680228865,7,intrusion
1016.2773250873504,37.325653677765374,129.78273029655315,10,intrusion
1480.3268765649364,17.83085431129079,226.1925284987842,8,intrusion
559.628511937904,18.153248830303948,173.51170468413753,7,intrusion
1136.790465142051,51.73733251890927,319.1811684778257,5,normal
568.892377242918,15.914428797456363,268.0612738725228,2,normal
1383.6120698668312,40.62438604992346,496.2387268734943,7,intrusion
1092.6809092468193,1.3551724352964474,211.5242698197687,3,normal
332.2678125991537,12.06638054158702,129.131330363828,5,normal
220.99016925806922,25.70950716190009,125.57281139735977,7,intrusion
602.7444530139167,37.17259095951098,260.4189695827148,1,normal
177.18149019617664,59.600261769997914,373.5342301704192,4,normal
524.6355427246881,11.73761094423595,303.83014064652866,8,intrusion
942.4952789861723,12.00853619671503,339.2722637175816,9,intrusion
1119.5058097002548,50.492894442259015,480.6509460257829,2,intrusion
643.7436990229006,41.21514615536532,464.2332477191865,1,intrusion
540.6060440694309,43.92514190918647,255.91220687951719,10,intrusion
900.4878335689748,5.422147438435358,114.48156541218336,3,normal
1145.372526259605,53.6748685080521,292.42415553068855,5,normal
557.5822870335842,37.90402097312697,82.48549352442072,5,normal
624.5497836774738,35.532408708569506,249.2726119271877,3,normal
1430.6544602401289,22.997018753085914,384.08442389172063,2,normal
399.3782946002438,34.46278228956651,141.9494804976529,8,intrusion
136.1569815325494,14.804976739098485,484.7967557040904,0,intrusion
455.16742272813195,44.99462228870252,268.6633988468825,4,normal
268.7385532497791,47.21082790453092,77.96995657613725,7,intrusion
1275.790526336614,51.75645756407636,304.9874687931403,2,normal
703.6433161742616,34.335099699352796,33.07490121128173,10,intrusion
454.6207998010667,20.431284148294374,293.25413796017904,1,normal
347.07103482149296,5.5454243224889455,254.8817307982045,8,intrusion
596.19164919277,9.158134356029336,146.10881677134216,9,intrusion
1069.7775055489299,39.80235759214048,450.97925057595484,7,intrusion
1440.5588443932943,37.27518472086882,431.7832495372515,5,intrusion
111.6539008843979,50.27606389281464,91.37886246665904,0,normal
1460.29761519676,45.51653976052805,348.18899905385774,7,intrusion
1260.4073545330878,37.55093401058018,97.62725618251643,7,intrusion
1448.1049357135335,56.99142358746499,37.47826878489265,1,normal
140.63285796711688,43.25339269890878,233.66286386463318,4,normal
926.9526729988991,30.628613035103356,475.79728487684883,4,intrusion
1440.135034532842,55.07378041633471,441.33209508390456,8,intrusion
1129.2681388214532,24.519000031610975,416.24264307005564,8,intrusion
409.2420281395511,30.557609045361467,178.97819717136574,3,normal
402.18663562837173,8.634771187447136,56.59021630197397,0,normal
887.3549711294388,42.67616861642138,308.76648951153186,9,intrusion
1093.871984939924,13.155469852212539,206.97005042679027,0,normal
157.43650961666933,40.17813176616403,369.4562193663992,8,intrusion
539.5994704117439,16.513849066302868,200.26288240909565,10,intrusion
113.79771260721323,29.399383665668722,295.1363021537029,6,intrusion
599.9248487126786,18.046839465377694,268.31977950322374,3,normal
1044.4077887363821,55.50782787822955,463.8866509580202,1,intrusion
1246.2929180836911,27.995705213995763,256.4512518149761,8,intrusion
391.3403572757505,15.818867405490433,20.938530856894644,4,normal
1319.099770511623,22.72294416958151,165.61816268427975,8,intrusion
385.18147866973567,46.39471830921613,18.0873969563076,6,intrusion
777.9358815953603,18.145992934603395,96.37075359927759,1,normal
431.6089304554619,42.790989615884655,34.77729142030339,2,normal
879.4079515275218,12.058364922363264,149.24577941339973,2,normal
1439.0234602658602,1.629734860632855,130.07254326844188,6,intrusion
365.70655036833995,7.559263606578089,397.6237052646159,2,normal
186.17025361767503,46.56663305100247,46.870350738185586,8,intrusion
713.741661193126,29.060664339274567,172.57314139260066,6,intrusion
339.2954370851094,2.8975101074550054,130.66308240710237,2,normal
1132.0289016444942,6.93349508911365,375.8674504101483,6,intrusion
764.508599415642,55.934755796173796,107.11581327406859,7,intrusion
1009.7416402827965,7.626703840489006,424.9042369209104,9,intrusion
719.2743200164447,6.163540632272284,231.497008638559,5,normal
1169.2843696720474,45.10417884980743,106.96816951541996,6,intrusion
673.0509349515927,15.6195126578948,315.19033254203157,1,normal
1255.2401108454674,12.553916242719481,238.41279878513444,5,normal
1018.227861889925,24.207092839285664,213.25958856114815,8,intrusion
941.8844850454516,24.355317355270945,205.3444937047151,8,intrusion
451.82818673426107,17.66738451007041,136.03486468991622,3,normal
256.7974456306373,35.965803069992106,195.3025557840123,1,normal
368.29561918802756,47.68433976574867,491.48224748094094,1,intrusion
1149.8717439667232,17.692947353087405,10.804949691909972,2,normal
948.8842497894916,52.882932322349475,126.40993164208078,9,intrusion
1470.6970956961813,53.22918161578872,185.1805916830173,0,normal
1077.0288359707317,5.622597161332799,127.74721686467076,8,intrusion
532.3348597366626,32.728527109988896,71.97375823727124,9,intrusion
674.976035989641,52.71296655742009,336.01152412883505,1,normal
1326.978769960614,49.34993843185408,287.34023685182945,5,normal
1008.0630156609449,58.62003060835984,85.15662004040365,4,normal
193.0859317250625,19.157844325424207,283.292832724619,9,intrusion
1473.1051813176482,10.81572696835265,404.26949808235327,9,intrusion
1053.7900289257022,52.471597315006406,79.03197250604559,6,intrusion
566.2882849308628,11.468816886504692,188.27710792223178,7,intrusion
288.680734022657,25.566937160875018,177.2161139700881,9,intrusion
690.9705170595174,21.127493884831544,382.23040721112216,3,normal
813.1662779142086,34.94089262901058,17.400618899803433,5,normal
1049.9071137460755,28.91242809954152,59.025551815321684,4,normal
1247.112234052035,50.349559954023015,485.8917879044892,1,intrusion
286.94929145500294,22.77090037125033,352.6142405935843,6,intrusion
1125.2329309884528,37.87564875046122,266.05006725759154,9,intrusion
1496.187193790555,28.249063914446257,320.0555527788043,1,normal
526.8801722125977,8.296651286845252,126.46923998152408,8,intrusion
1179.9959521955022,27.66025984580566,33.60007901705267,5,normal
699.4677371812425,57.04731885019782,57.11677990366699,8,intrusion
1089.43382772964,25.669892539559598,446.0580805755005,4,intrusion
1025.752691031544,3.853116524524061,341.6137358801028,8,intrusion
1193.5466163138055,26.323501668656625,55.180004631608846,8,intrusion
1436.0849696267521,14.812577898256553,446.82514280283317,10,intrusion
1277.175464107803,39.022231941140134,282.06845128553346,4,normal
1363.7578163144308,21.399733217201945,82.89273162976659,10,intrusion
636.211468760006,18.679574451597997,268.4622220273784,7,intrusion
1148.6467251277556,1.3182761476738682,203.0202307802115,1,normal
855.4050936496698,38.33033976853369,41.907917593174254,5,normal
984.9466102564921,9.500221981654986,250.47164585822483,7,intrusion
224.62196351738845,31.871878883406257,408.18276322727394,9,intrusion
1178.441060061052,53.20371792360974,134.5177450733147,8,intrusion
697.1001026330373,59.63587832466817,347.1548798503462,8,intrusion
1154.681693232859,22.26157414681756,450.6006323302921,7,intrusion
925.0430691697707,8.641336928363668,53.89751721019975,3,normal
1326.0730377578504,44.81355085258687,218.722930094236,9,intrusion
395.9307905621176,52.53874689955024,415.03490739719695,5,intrusion
1461.7435496310152,22.68658135652532,87.3262470116783,9,intrusion
1333.1636720260533,35.01571636880333,88.00037079279859,2,normal
252.1245033444292,3.800999684914232,215.27188566522804,3,normal
1284.9454267930503,53.39754779836623,250.11978047638354,9,intrusion
1384.347822621784,36.04865567932941,235.04031475009415,10,intrusion
1241.6665125394065,30.003947861678927,285.04158270123185,3,normal
1221.1703437018268,11.202649696737097,371.4580102818307,8,intrusion
549.8067404077556,39.77060186914955,465.8977054078625,8,intrusion
591.4540235382306,34.932312865109985,332.7974948858514,2,normal
1037.3041018264516,50.51765062774933,490.46493368239084,6,intrusion
1393.9097555000953,56.58818633002884,11.305332558693738,9,intrusion
1225.5626563810324,31.95405581624982,234.13056583307437,9,intrusion
1169.9818857039566,47.32644994661229,100.42508512457078,9,intrusion
771.5449066992581,23.523740312819392,98.48317771893905,9,intrusion
889.8665022277701,57.484212857571706,16.225223214635314,3,normal
288.2946258195388,31.80985194622842,111.58883394421831,9,intrusion
1200.341144211371,31.886752619098885,447.63869339532044,2,intrusion
1414.652830985917,19.956020708255632,449.84868518395507,2,intrusion
949.0501224628584,3.5672627308184177,232.51266696369154,2,normal
708.4119343085462,2.0874482965560452,239.9353025650709,10,intrusion
1053.7316603240702,18.188526514703305,113.7189113656672,2,normal
437.90289529830125,34.68680041429231,90.23025624857783,0,normal
391.4625059710379,54.291935440173965,415.78522373999175,3,intrusion
1214.3008965489084,37.74386709770379,410.9089105976327,8,intrusion
1043.3179753731806,45.955745320039966,230.43828716915664,9,intrusion
855.904105509288,34.9208087134324,380.8415366095848,0,normal
352.4390867036987,47.132548657625335,480.86685021568525,6,intrusion
1157.8175945751602,55.87700571330104,422.1530215876416,4,intrusion
777.5205820008302,21.604304804037177,235.45771227137126,6,intrusion
1096.8757439395308,2.3537646888496706,280.0210198544664,7,intrusion
442.9270535140077,8.325523869010905,324.46784143608096,1,normal
909.4122421306515,19.5038517908978,231.25194589801032,8,intrusion
558.5490197443963,53.88975419136756,44.64841967190783,0,normal
792.0540294422705,27.306428666246795,104.73430091530199,6,intrusion
1207.3375143745332,38.45526039349548,491.9506324988726,7,intrusion
872.1631462760461,6.473164463727891,25.94797485620378,10,intrusion
286.80528494518774,35.20478113649614,180.66523295859506,1,normal
1074.5156795624212,5.761217955143287,57.03559413481841,5,normal
516.6987185042811,55.068073983683895,39.954741316015735,5,normal
438.1115036942743,43.59631763759372,454.15136300508647,7,intrusion
561.9591242504414,56.10394890001137,361.7956708742965,3,normal
1052.0490386685265,49.298804541671494,494.67133645086284,2,intrusion
145.43982055097052,58.01754415251128,111.08639930231645,7,intrusion
230.68007125433238,55.74144279927656,224.68737532979458,6,intrusion
361.1965434647617,19.117250276381505,381.0156808760555,7,intrusion
1421.327990207309,36.55395260277561,154.22989654586635,7,intrusion
347.90439215625,58.91825617640925,117.95779864518369,1,normal
875.3363636435304,28.543482251388834,339.1411959309089,10,intrusion
1465.8776710002421,19.31267483575947,181.41000768412033,4,normal
1243.9308018252123,31.079169853796888,234.9310285253731,7,intrusion
396.9960932354018,10.68395072946337,302.2695283172995,10,intrusion
1086.3566356122112,28.241942502466003,325.39618396013276,8,intrusion
1123.1953985779655,29.372951042733572,108.46005043752167,3,normal
1053.560791884401,13.341421949284321,268.3470257468026,5,normal
711.3593561512113,36.76469896696358,434.49332675690437,8,intrusion
226.41864617922923,35.55214506311555,497.53509427098044,8,intrusion
445.7873232853213,32.70332520568468,401.4078435952869,4,intrusion
1131.994337424051,8.91766505369791,388.4015382038366,7,intrusion
1487.2881150515816,56.69551234221524,155.12865572774126,5,normal
1012.2185914145915,48.720992843097534,455.4216922551262,3,intrusion
999.6061156311546,8.193126699352371,212.27334829160156,1,normal
294.9370851660269,8.920531577491612,350.0155975276943,4,normal
874.6939375572031,27.979892945071644,189.74750844551028,8,intrusion
148.7141159134903,44.36679266326926,278.4461893532831,2,normal
1009.6320123138045,34.85316067220981,433.89103521185086,0,intrusion
307.0379923256959,43.15783301157907,220.7186944160636,0,normal
248.09427874384528,34.97180042642312,212.38638961712675,4,normal
1498.40396118322,46.087816163422445,96.23949921236645,9,intrusion
960.3938471372223,25.582365519408928,103.59626938901155,6,intrusion
779.5699111161966,29.186147200155737,465.9121037669406,3,intrusion
1498.5892143770225,55.17230717497718,200.22711793426896,3,normal
1158.5549986883914,22.949704293990454,35.63790747342143,2,normal
782.0806158560113,40.87661507716762,309.5704054316571,4,normal
992.7267815817215,5.665665560387155,203.18533020240147,0,normal
353.7961674102364,54.674702297221316,269.1430057977511,2,normal
469.0679499676494,1.1217800863837837,245.1129054365493,0,normal
