date,energy_type,temperature,solar_radiation,wind_speed,water_flow,dam_height,installed_capacity,power_output
2023-01-01 00:00:00,wind,32.04,392.06,3.65,3890.05,53.74,495.33,33.23
2023-01-01 01:00:00,wind,28.46,305.92,14.27,3559.84,52.76,672.3,1482.54
2023-01-01 02:00:00,solar,24.39,828.08,3.85,3508.84,116.63,732.09,403.03
2023-01-01 03:00:00,wind,21.27,991.79,14.86,2718.93,96.81,447.47,1632.51
2023-01-01 04:00:00,wind,22.91,970.11,4.71,2020.59,122.96,780.98,64.36
2023-01-01 05:00:00,hydro,32.4,728.28,6.99,2003.46,89.71,642.47,140.22
2023-01-01 06:00:00,hydro,29.58,768.89,2.72,4451.24,141.08,467.74,501.73
2023-01-01 07:00:00,hydro,31.49,989.7,10.44,2718.79,100.86,696.47,193.85
2023-01-01 08:00:00,hydro,23.61,923.3,6.22,3595.96,75.05,715.67,235.45
2023-01-01 09:00:00,solar,32.64,786.98,5.13,3545.99,137.44,737.66,377.71
2023-01-01 10:00:00,solar,38.81,285.06,12.07,2639.97,73.14,721.21,164.65
2023-01-01 11:00:00,solar,31.53,423.68,13.4,2833.52,50.99,535.43,246.41
2023-01-01 12:00:00,solar,27.33,258.04,2.6,4986.44,98.93,423.76,133.56
2023-01-01 13:00:00,wind,33.08,977.45,7.83,4933.97,50.8,440.51,250.02
2023-01-01 14:00:00,wind,22.72,347.37,4.96,2787.28,107.81,662.97,75.16
2023-01-01 15:00:00,wind,36.98,346.73,6.88,2429.61,131.45,510.12,160.98
2023-01-01 16:00:00,hydro,27.63,642.79,3.11,2552.32,120.42,760.24,235.08
2023-01-01 17:00:00,wind,22.12,219.28,12.64,3774.14,107.34,474.0,1031.67
2023-01-01 18:00:00,solar,35.4,653.56,7.07,3125.2,65.51,684.05,355.76
2023-01-01 19:00:00,solar,24.75,836.05,4.24,2247.93,132.63,525.77,387.12
2023-01-01 20:00:00,solar,38.54,342.01,2.51,3204.73,122.43,777.34,217.7
2023-01-01 21:00:00,wind,31.91,259.4,6.62,4120.97,117.42,500.72,158.72
2023-01-01 22:00:00,wind,21.81,578.12,11.08,4928.45,56.85,582.16,697.83
2023-01-01 23:00:00,wind,38.42,906.0,11.35,3586.67,141.4,586.7,742.22
2023-01-02 00:00:00,solar,30.62,639.28,10.44,4751.26,120.43,756.05,310.43
2023-01-02 01:00:00,solar,33.42,790.14,6.28,2061.07,64.24,643.27,412.33
2023-01-02 02:00:00,wind,24.41,915.17,13.62,3998.6,86.85,542.94,1282.61
2023-01-02 03:00:00,solar,20.93,668.17,11.51,4141.57,118.76,511.12,345.16
2023-01-02 04:00:00,wind,28.54,591.77,5.04,2770.0,109.05,406.34,38.34
2023-01-02 05:00:00,hydro,20.62,201.81,8.99,2742.68,92.31,796.32,193.71
2023-01-02 06:00:00,hydro,30.8,834.95,14.22,3346.8,132.09,628.49,349.45
2023-01-02 07:00:00,wind,29.86,921.31,11.53,2033.47,98.28,588.26,777.7
2023-01-02 08:00:00,solar,32.73,481.17,12.95,3860.87,84.34,795.07,270.66
2023-01-02 09:00:00,solar,32.49,600.27,14.13,2167.09,146.13,721.68,324.58
2023-01-02 10:00:00,wind,22.19,919.48,4.67,3487.65,101.4,794.42,23.52
2023-01-02 11:00:00,solar,39.19,807.74,12.96,4831.53,62.97,709.88,411.57
2023-01-02 12:00:00,solar,20.64,520.94,8.32,4499.09,109.02,747.77,270.53
2023-01-02 13:00:00,solar,21.52,209.86,13.87,2090.54,50.79,433.93,108.14
2023-01-02 14:00:00,hydro,23.48,886.28,14.19,4343.03,61.7,419.62,211.83
2023-01-02 15:00:00,hydro,33.9,867.93,6.07,4121.89,55.72,787.06,209.55
2023-01-02 16:00:00,wind,20.67,604.76,2.21,3104.61,69.39,697.27,31.62
2023-01-02 17:00:00,wind,38.44,725.88,9.44,2765.34,129.29,475.32,408.38
2023-01-02 18:00:00,solar,35.01,853.1,12.63,4267.84,72.46,790.01,421.06
2023-01-02 19:00:00,hydro,24.18,505.73,12.26,3335.27,50.83,614.32,163.49
2023-01-02 20:00:00,solar,31.33,880.21,8.61,3394.98,74.6,620.27,444.35
2023-01-02 21:00:00,wind,29.56,448.32,8.36,3576.55,113.32,436.83,298.01
2023-01-02 22:00:00,solar,38.52,620.32,9.24,2856.95,55.1,665.64,338.87
2023-01-02 23:00:00,solar,29.13,500.6,6.04,2132.41,113.92,448.19,250.8
2023-01-03 00:00:00,wind,30.87,583.51,8.32,3368.27,110.23,767.61,284.52
2023-01-03 01:00:00,hydro,23.39,357.51,7.41,2489.4,92.37,683.16,208.87
2023-01-03 02:00:00,wind,26.48,906.66,12.31,4316.37,50.69,405.08,922.99
2023-01-03 03:00:00,solar,22.46,855.91,12.82,4148.31,68.86,695.89,414.73
2023-01-03 04:00:00,solar,33.82,467.98,5.03,4259.96,51.61,675.56,266.87
2023-01-03 05:00:00,wind,20.68,848.0,8.87,2381.43,87.17,681.16,344.3
2023-01-03 06:00:00,hydro,23.82,467.57,14.4,4166.99,110.95,749.3,369.31
2023-01-03 07:00:00,hydro,27.02,985.7,3.94,2754.65,53.91,664.15,92.25
2023-01-03 08:00:00,hydro,39.68,394.81,14.19,4427.78,131.53,430.14,460.65
2023-01-03 09:00:00,wind,20.14,782.72,13.94,2911.49,66.52,446.48,1324.22
2023-01-03 10:00:00,hydro,25.31,600.45,12.29,3938.59,117.88,571.81,366.13
2023-01-03 11:00:00,solar,26.42,551.85,4.59,4188.56,129.29,480.79,280.69
2023-01-03 12:00:00,hydro,32.32,512.1,7.19,3877.87,106.06,575.05,313.96
2023-01-03 13:00:00,solar,28.59,533.09,7.59,3830.53,109.47,710.94,267.98
2023-01-03 14:00:00,wind,20.74,881.27,6.24,2782.17,59.44,636.83,94.85
2023-01-03 15:00:00,hydro,36.62,701.8,12.43,4218.24,94.23,501.22,327.83
2023-01-03 16:00:00,hydro,37.32,723.15,7.91,3387.34,116.74,739.84,301.66
2023-01-03 17:00:00,hydro,39.96,826.39,11.63,2369.53,78.42,798.41,124.16
2023-01-03 18:00:00,wind,37.45,977.21,11.18,3325.84,129.48,423.72,693.29
2023-01-03 19:00:00,solar,32.12,718.81,10.71,3445.63,80.78,405.72,380.88
2023-01-03 20:00:00,hydro,37.34,713.17,8.24,3566.39,130.95,419.95,400.04
2023-01-03 21:00:00,hydro,31.69,500.35,13.07,2513.29,118.79,524.04,209.1
2023-01-03 22:00:00,wind,23.3,798.18,6.91,4398.59,83.34,400.88,182.3
2023-01-03 23:00:00,wind,39.77,268.92,10.55,2332.34,134.97,757.57,589.14
2023-01-04 00:00:00,solar,37.18,455.08,14.19,3274.53,70.0,657.95,260.84
2023-01-04 01:00:00,hydro,37.55,974.54,14.74,4607.69,135.99,743.54,494.52
2023-01-04 02:00:00,hydro,38.76,269.35,3.06,3971.79,76.29,542.46,260.06
2023-01-04 03:00:00,solar,29.84,977.82,5.91,3396.83,95.44,529.67,460.06
2023-01-04 04:00:00,hydro,30.2,543.18,13.07,2139.69,129.97,525.4,194.69
2023-01-04 05:00:00,hydro,30.41,401.45,12.36,2553.84,79.45,494.82,187.82
2023-01-04 06:00:00,wind,38.63,323.08,14.75,4260.72,148.95,620.0,1606.81
2023-01-04 07:00:00,wind,33.13,834.85,12.79,2315.1,110.95,403.95,1025.8
2023-01-04 08:00:00,hydro,32.0,851.39,10.99,2214.98,147.3,447.9,245.75
2023-01-04 09:00:00,solar,21.25,569.35,4.38,4894.81,114.82,400.24,272.56
2023-01-04 10:00:00,wind,32.56,691.48,7.4,4795.39,108.35,569.97,216.96
2023-01-04 11:00:00,hydro,28.42,348.9,11.41,3242.72,138.13,566.65,381.92
2023-01-04 12:00:00,hydro,24.54,879.46,3.46,4381.41,109.65,523.3,383.54
2023-01-04 13:00:00,hydro,33.46,675.9,13.06,3708.11,57.49,696.2,158.44
2023-01-04 14:00:00,solar,35.1,364.43,14.55,3886.95,62.35,613.7,210.85
2023-01-04 15:00:00,solar,39.01,698.42,12.17,3078.88,102.5,742.58,346.0
2023-01-04 16:00:00,hydro,34.65,482.93,7.3,3455.59,115.15,434.51,293.23
2023-01-04 17:00:00,hydro,21.95,839.84,10.29,2056.79,81.95,605.64,109.61
2023-01-04 18:00:00,wind,29.5,333.7,5.01,4132.85,148.37,417.29,55.5
2023-01-04 19:00:00,solar,28.29,882.09,14.11,3204.98,66.28,737.43,428.49
2023-01-04 20:00:00,hydro,35.94,947.69,9.63,4429.93,77.55,505.03,290.56
2023-01-04 21:00:00,solar,24.46,942.56,12.39,4413.92,91.28,402.92,460.84
2023-01-04 22:00:00,solar,36.7,209.9,5.36,4155.57,118.12,718.07,147.69
2023-01-04 23:00:00,wind,20.6,282.44,3.3,3842.3,97.72,555.06,21.09
2023-01-05 00:00:00,hydro,33.68,237.78,3.54,4504.19,69.79,662.95,248.27
2023-01-05 01:00:00,wind,24.49,900.31,9.56,3919.37,66.82,440.68,453.14
2023-01-05 02:00:00,solar,36.17,873.56,11.52,2938.94,67.64,434.13,432.25
2023-01-05 03:00:00,hydro,28.61,794.19,8.65,3020.49,132.38,563.85,299.96
2023-01-05 04:00:00,solar,37.34,289.28,12.66,3334.92,104.24,771.01,165.73
2023-01-05 05:00:00,wind,35.57,538.96,4.87,3034.06,104.73,588.67,37.92
2023-01-05 06:00:00,solar,29.76,398.27,4.38,3619.34,63.9,500.75,212.98
2023-01-05 07:00:00,wind,30.75,641.04,2.77,3164.77,64.98,537.5,14.21
2023-01-05 08:00:00,solar,38.71,875.0,8.6,2647.04,51.5,432.97,433.65
2023-01-05 09:00:00,wind,31.72,445.04,4.85,3735.14,59.63,616.33,85.82
2023-01-05 10:00:00,solar,38.78,428.04,14.0,3203.54,149.93,513.46,234.28
2023-01-05 11:00:00,wind,39.17,359.35,4.43,4052.32,145.54,466.71,50.15
2023-01-05 12:00:00,hydro,23.27,359.14,3.44,4552.63,97.67,638.78,328.96
2023-01-05 13:00:00,hydro,34.57,523.74,6.11,3805.62,98.51,556.87,285.72
2023-01-05 14:00:00,wind,34.93,900.72,10.65,2648.55,88.85,698.59,628.22
2023-01-05 15:00:00,wind,30.03,227.48,11.61,4407.39,57.64,617.47,804.46
2023-01-05 16:00:00,hydro,39.78,472.43,3.38,4088.35,61.25,716.05,182.42
2023-01-05 17:00:00,solar,20.62,879.61,13.67,3834.46,134.72,548.41,437.51
2023-01-05 18:00:00,solar,33.75,808.84,7.98,2657.63,76.68,788.06,405.17
2023-01-05 19:00:00,hydro,29.4,853.32,2.91,2826.05,93.46,751.43,229.45
2023-01-05 20:00:00,hydro,36.14,906.71,7.53,3864.93,123.3,640.68,357.62
2023-01-05 21:00:00,hydro,25.32,657.36,13.33,2119.53,94.84,592.53,163.58
2023-01-05 22:00:00,solar,21.19,962.78,5.6,4846.36,106.14,556.45,475.43
2023-01-05 23:00:00,solar,21.25,635.26,11.87,2815.73,61.81,702.88,327.4
2023-01-06 00:00:00,hydro,36.5,507.46,14.16,3792.52,127.44,604.27,415.68
2023-01-06 01:00:00,hydro,35.48,754.57,14.11,4367.97,82.46,521.66,273.32
2023-01-06 02:00:00,hydro,32.44,533.87,13.25,2268.77,127.88,588.3,252.07
2023-01-06 03:00:00,hydro,26.52,350.67,9.85,4116.0,101.65,589.63,350.9
2023-01-06 04:00:00,solar,31.65,547.64,11.81,2191.79,134.04,798.28,272.86
2023-01-06 05:00:00,hydro,20.21,276.27,3.72,3770.95,129.43,493.16,373.86
2023-01-06 06:00:00,hydro,34.19,824.33,6.76,4872.13,77.2,661.23,297.76
2023-01-06 07:00:00,solar,29.0,798.72,13.88,2411.15,66.88,762.49,377.89
2023-01-06 08:00:00,hydro,37.49,447.99,12.24,2339.3,55.41,605.57,82.88
2023-01-06 09:00:00,hydro,22.55,403.36,7.79,2174.24,98.57,484.08,158.39
2023-01-06 10:00:00,wind,30.53,579.38,11.38,3941.16,116.38,708.11,713.95
2023-01-06 11:00:00,solar,30.0,972.17,6.48,2744.87,130.44,531.83,473.4
2023-01-06 12:00:00,wind,32.36,411.62,13.36,4559.33,135.05,677.32,1220.13
2023-01-06 13:00:00,hydro,21.09,912.31,13.26,3800.84,124.69,477.68,390.06
2023-01-06 14:00:00,solar,33.87,683.15,7.8,2702.08,78.32,783.4,336.52
2023-01-06 15:00:00,solar,39.47,337.22,4.44,3462.17,58.72,623.31,186.69
2023-01-06 16:00:00,wind,32.11,590.94,10.64,4879.88,113.07,754.44,629.11
2023-01-06 17:00:00,solar,27.5,596.04,10.95,4103.7,94.09,479.94,309.75
2023-01-06 18:00:00,hydro,31.24,819.66,3.73,4513.98,149.43,658.68,525.86
2023-01-06 19:00:00,wind,35.35,878.41,6.47,3437.58,148.13,674.75,130.29
2023-01-06 20:00:00,wind,30.76,966.1,6.94,2140.1,101.35,525.87,185.37
2023-01-06 21:00:00,solar,26.91,336.3,5.09,2122.14,78.63,663.28,172.94
2023-01-06 22:00:00,hydro,38.73,752.21,5.42,3082.68,140.2,774.53,335.13
2023-01-06 23:00:00,wind,31.88,813.13,7.92,4061.89,68.0,627.47,222.27
2023-01-07 00:00:00,wind,34.61,894.45,14.92,4808.03,112.72,478.84,1669.31
2023-01-07 01:00:00,wind,26.81,802.03,12.84,4960.69,133.76,685.22,1061.55
2023-01-07 02:00:00,solar,25.49,589.33,6.91,3146.4,96.96,734.63,276.26
2023-01-07 03:00:00,hydro,39.76,866.18,11.9,4673.06,69.35,754.51,276.7
2023-01-07 04:00:00,solar,25.37,383.84,13.01,3602.87,83.6,485.89,184.29
2023-01-07 05:00:00,hydro,31.16,651.76,12.46,3035.49,96.09,659.06,232.59
2023-01-07 06:00:00,solar,22.12,683.34,6.91,3271.73,105.0,619.49,353.95
2023-01-07 07:00:00,solar,25.46,451.79,6.08,2663.3,74.28,597.12,253.85
2023-01-07 08:00:00,wind,27.95,434.76,13.71,3379.44,95.92,470.84,1294.33
2023-01-07 09:00:00,hydro,20.88,996.28,12.74,2877.99,59.49,422.83,155.11
2023-01-07 10:00:00,wind,25.75,672.8,12.83,3948.46,127.5,462.91,1084.63
2023-01-07 11:00:00,wind,27.6,830.32,7.73,2259.55,123.73,646.79,214.76
2023-01-07 12:00:00,hydro,21.66,288.58,11.17,3704.19,68.92,532.18,196.01
2023-01-07 13:00:00,solar,30.36,531.03,14.1,4239.21,91.34,416.51,278.84
2023-01-07 14:00:00,hydro,37.14,614.35,4.87,2457.92,106.23,401.42,208.04
2023-01-07 15:00:00,solar,27.85,844.59,3.8,2270.92,67.32,600.21,397.6
2023-01-07 16:00:00,solar,37.23,724.77,2.64,4446.92,146.86,500.7,384.82
2023-01-07 17:00:00,wind,33.49,456.29,7.82,3919.7,131.32,793.84,211.53
2023-01-07 18:00:00,solar,31.09,626.38,11.97,3577.43,101.2,425.74,332.1
2023-01-07 19:00:00,solar,33.38,692.6,14.39,2217.66,58.14,458.57,332.3
2023-01-07 20:00:00,solar,28.04,272.39,12.11,4455.97,138.57,630.36,156.0
2023-01-07 21:00:00,solar,31.61,724.46,6.33,2838.07,104.6,465.37,369.69
2023-01-07 22:00:00,hydro,27.71,526.21,9.99,2834.6,113.45,409.13,263.37
2023-01-07 23:00:00,solar,25.83,659.53,9.08,3641.81,102.46,742.17,346.68
2023-01-08 00:00:00,solar,21.01,405.0,6.22,3505.66,88.07,713.68,195.01
2023-01-08 01:00:00,wind,38.16,500.69,13.46,3746.36,92.38,777.39,1240.35
2023-01-08 02:00:00,wind,34.51,475.99,2.77,4773.3,121.67,750.91,-3.64
2023-01-08 03:00:00,hydro,39.69,964.31,4.17,3845.6,85.09,655.8,264.05
2023-01-08 04:00:00,hydro,39.36,589.4,12.74,2942.25,138.33,544.1,313.09
2023-01-08 05:00:00,hydro,28.44,781.54,3.73,3681.65,106.13,700.87,298.99
2023-01-08 06:00:00,solar,21.92,608.38,9.42,4971.4,61.9,608.55,282.47
2023-01-08 07:00:00,hydro,31.73,368.01,13.28,4029.53,119.99,484.0,362.55
2023-01-08 08:00:00,wind,31.53,303.68,2.37,2494.49,75.01,494.06,8.38
2023-01-08 09:00:00,solar,22.18,554.17,13.07,2880.0,68.45,504.26,282.67
2023-01-08 10:00:00,wind,30.39,732.34,3.93,3024.3,84.65,518.75,8.29
2023-01-08 11:00:00,solar,32.61,951.04,9.68,3789.84,143.62,571.23,469.46
2023-01-08 12:00:00,wind,36.0,840.65,11.43,2174.62,85.64,715.22,741.35
2023-01-08 13:00:00,wind,39.58,756.99,11.73,3384.06,123.91,738.32,785.38
2023-01-08 14:00:00,solar,22.74,592.83,2.11,2891.47,62.77,760.21,286.54
2023-01-08 15:00:00,solar,33.68,940.48,5.6,2338.81,50.16,581.23,461.83
2023-01-08 16:00:00,solar,36.89,905.22,8.04,4234.87,83.01,446.83,433.1
2023-01-08 17:00:00,solar,25.06,672.79,5.7,4019.32,92.1,479.17,326.93
2023-01-08 18:00:00,wind,28.11,668.06,12.64,3735.4,139.51,478.44,1000.21
2023-01-08 19:00:00,hydro,29.16,399.72,10.42,4806.25,126.04,484.11,462.38
2023-01-08 20:00:00,solar,29.95,949.35,2.19,4568.54,51.2,762.98,447.51
2023-01-08 21:00:00,solar,31.49,621.2,4.77,3418.51,93.45,708.21,307.02
2023-01-08 22:00:00,wind,29.81,325.77,11.11,2812.58,90.92,575.43,700.1
2023-01-08 23:00:00,hydro,22.77,687.27,14.93,3638.86,119.29,535.63,350.01
2023-01-09 00:00:00,solar,39.3,702.02,6.63,3572.21,138.77,496.04,377.75
2023-01-09 01:00:00,solar,32.19,458.19,4.15,4061.67,94.8,478.12,244.55
2023-01-09 02:00:00,wind,35.68,562.8,10.08,3259.86,129.89,408.86,528.86
2023-01-09 03:00:00,wind,25.41,396.53,5.45,4564.68,74.68,594.52,61.44
2023-01-09 04:00:00,wind,22.02,943.69,12.78,2175.12,105.13,727.16,1017.3
2023-01-09 05:00:00,solar,30.67,322.68,2.76,3086.14,111.87,630.75,165.89
2023-01-09 06:00:00,hydro,21.5,229.73,4.9,2717.22,102.0,586.82,196.88
2023-01-09 07:00:00,solar,31.94,654.75,12.73,3644.38,64.5,460.87,342.52
2023-01-09 08:00:00,solar,25.97,743.19,10.45,4193.19,56.7,713.86,373.46
2023-01-09 09:00:00,solar,34.55,412.77,8.7,2316.18,135.85,440.62,213.53
2023-01-09 10:00:00,solar,30.96,788.24,13.02,3902.03,95.25,795.87,373.86
2023-01-09 11:00:00,wind,36.73,667.5,9.88,2551.98,55.05,515.75,500.06
2023-01-09 12:00:00,solar,32.47,695.38,13.44,2347.82,125.2,439.45,337.3
2023-01-09 13:00:00,solar,27.57,246.35,4.68,4828.93,56.99,405.32,157.33
2023-01-09 14:00:00,hydro,38.85,706.33,7.08,2071.12,66.86,517.57,92.1
2023-01-09 15:00:00,hydro,20.69,562.52,6.15,3817.19,88.62,559.67,242.19
2023-01-09 16:00:00,solar,38.63,599.47,8.39,3983.92,117.73,441.97,310.74
2023-01-09 17:00:00,solar,29.07,250.89,14.82,3997.05,102.88,725.23,143.92
2023-01-09 18:00:00,hydro,34.11,301.68,13.46,3516.06,90.69,798.13,255.4
2023-01-09 19:00:00,hydro,36.64,353.14,3.08,3070.92,111.17,749.02,254.7
2023-01-09 20:00:00,wind,29.29,304.9,7.12,3703.39,121.27,714.94,206.61
2023-01-09 21:00:00,wind,34.44,567.9,9.57,2461.28,121.53,495.31,459.41
2023-01-09 22:00:00,wind,32.72,753.73,5.99,4394.82,104.16,644.15,135.02
2023-01-09 23:00:00,hydro,21.29,714.44,4.58,4947.38,131.0,542.97,506.6
2023-01-10 00:00:00,wind,20.22,395.17,7.49,3049.83,129.89,594.82,230.49
2023-01-10 01:00:00,hydro,32.85,956.28,11.77,4793.45,61.44,403.99,207.49
2023-01-10 02:00:00,solar,24.01,663.2,8.76,3488.67,122.93,734.28,336.99
2023-01-10 03:00:00,hydro,24.3,541.67,3.76,2064.27,76.82,531.92,114.67
2023-01-10 04:00:00,hydro,24.66,658.43,10.89,2223.81,113.12,593.88,192.52
2023-01-10 05:00:00,hydro,20.4,461.74,4.36,2703.59,82.18,781.1,200.12
2023-01-10 06:00:00,hydro,20.3,485.73,7.8,3383.29,83.76,521.11,243.02
2023-01-10 07:00:00,solar,25.25,581.4,9.2,3847.56,148.66,727.61,307.43
2023-01-10 08:00:00,solar,29.92,479.96,10.02,4768.45,55.44,439.93,246.81
2023-01-10 09:00:00,hydro,26.93,808.75,2.81,2278.43,97.35,483.49,158.73
2023-01-10 10:00:00,wind,28.0,922.56,14.3,4936.36,135.69,690.64,1454.18
2023-01-10 11:00:00,wind,32.65,505.07,12.59,2082.63,127.9,691.92,1012.5
2023-01-10 12:00:00,hydro,30.23,597.66,4.94,3319.54,128.49,481.23,355.57
2023-01-10 13:00:00,wind,39.87,568.99,12.73,2720.91,117.47,620.11,1051.2
2023-01-10 14:00:00,solar,37.47,329.98,12.88,3708.55,87.63,468.66,174.03
2023-01-10 15:00:00,hydro,23.94,219.93,6.91,3588.53,103.71,502.7,312.06
2023-01-10 16:00:00,hydro,33.41,699.43,7.22,3998.18,128.94,421.25,416.15
2023-01-10 17:00:00,hydro,38.19,539.6,10.24,2470.56,111.53,784.81,238.54
2023-01-10 18:00:00,solar,35.96,276.7,12.66,2779.86,146.67,776.45,185.54
2023-01-10 19:00:00,solar,25.45,201.25,13.1,2281.33,107.78,661.89,114.66
2023-01-10 20:00:00,solar,27.27,517.44,14.0,2777.48,85.3,421.59,284.68
2023-01-10 21:00:00,solar,31.03,648.53,3.97,3303.85,69.37,439.89,319.96
2023-01-10 22:00:00,wind,26.78,760.45,6.71,3447.7,145.83,440.73,172.16
2023-01-10 23:00:00,solar,24.89,741.58,12.98,2502.28,129.8,429.35,373.37
2023-01-11 00:00:00,hydro,31.02,490.23,11.92,4485.06,82.88,490.08,290.65
2023-01-11 01:00:00,hydro,25.97,684.16,2.46,4921.88,84.09,545.43,303.68
2023-01-11 02:00:00,solar,39.43,886.45,5.06,4649.81,149.33,795.65,452.53
2023-01-11 03:00:00,solar,39.45,958.39,12.22,3010.43,74.84,659.73,491.75
2023-01-11 04:00:00,solar,22.48,250.55,13.88,4839.08,115.03,776.86,146.81
2023-01-11 05:00:00,hydro,35.5,694.29,12.0,2554.67,50.13,644.21,106.33
2023-01-11 06:00:00,hydro,26.72,307.43,10.55,3258.91,104.55,756.67,283.22
2023-01-11 07:00:00,solar,33.58,552.53,4.99,3383.24,95.28,469.2,286.06
2023-01-11 08:00:00,wind,24.78,852.17,5.19,3828.2,88.47,660.74,76.86
2023-01-11 09:00:00,wind,28.42,920.09,13.07,2754.17,61.87,789.2,1121.61
2023-01-11 10:00:00,solar,20.4,407.41,14.63,4257.58,92.56,529.48,197.32
2023-01-11 11:00:00,solar,34.3,651.66,8.46,2814.84,88.26,574.94,343.44
2023-01-11 12:00:00,wind,24.92,750.64,2.07,3199.63,94.44,750.31,-8.77
2023-01-11 13:00:00,wind,23.02,582.53,2.32,4449.08,119.69,587.04,7.82
2023-01-11 14:00:00,solar,29.74,364.32,11.01,4720.92,114.31,588.83,214.73
2023-01-11 15:00:00,wind,37.53,652.55,2.91,4788.23,120.23,688.02,35.35
2023-01-11 16:00:00,solar,32.72,512.38,3.83,2960.43,63.6,623.05,268.39
2023-01-11 17:00:00,solar,25.85,734.11,3.42,2065.09,106.63,747.15,360.08
2023-01-11 18:00:00,solar,22.73,692.23,5.26,2417.65,82.02,670.8,336.58
2023-01-11 19:00:00,solar,26.34,603.41,10.57,4000.61,92.54,465.87,307.09
2023-01-11 20:00:00,wind,27.4,759.39,9.11,3127.4,130.44,437.08,385.71
2023-01-11 21:00:00,hydro,37.16,269.49,6.67,4586.02,127.66,524.58,442.74
2023-01-11 22:00:00,wind,21.92,554.61,13.63,4161.25,62.06,409.93,1294.73
2023-01-11 23:00:00,hydro,30.38,919.5,8.32,4486.35,125.16,529.89,446.11
2023-01-12 00:00:00,wind,21.16,236.5,3.43,2932.56,58.51,431.51,-0.15
2023-01-12 01:00:00,wind,23.61,915.53,12.28,2433.46,90.8,774.69,924.42
2023-01-12 02:00:00,wind,38.12,758.77,6.83,2832.06,132.99,734.62,158.33
2023-01-12 03:00:00,hydro,32.78,901.89,5.24,4654.91,60.74,707.5,251.79
2023-01-12 04:00:00,hydro,29.13,459.06,6.45,3206.22,148.48,469.96,360.46
2023-01-12 05:00:00,hydro,34.99,285.08,11.25,2813.43,85.0,568.27,198.0
2023-01-12 06:00:00,solar,28.89,514.92,11.24,3676.01,51.54,558.29,263.26
2023-01-12 07:00:00,solar,36.32,447.01,4.85,3986.55,132.34,636.59,254.28
2023-01-12 08:00:00,wind,27.3,256.3,9.13,3696.77,55.14,555.4,403.11
2023-01-12 09:00:00,solar,31.33,279.68,11.09,2671.05,130.77,493.87,168.79
2023-01-12 10:00:00,wind,23.22,621.05,7.98,3065.42,128.39,454.15,262.03
2023-01-12 11:00:00,hydro,39.35,595.59,13.06,3366.18,101.39,667.04,270.1
2023-01-12 12:00:00,wind,33.99,845.7,10.84,4052.81,105.88,431.74,641.84
2023-01-12 13:00:00,solar,21.14,455.35,13.76,4550.54,114.78,683.44,226.86
2023-01-12 14:00:00,hydro,31.98,813.6,12.91,3072.74,130.5,702.33,324.03
2023-01-12 15:00:00,wind,30.48,728.59,2.76,3890.12,58.68,498.99,-7.76
2023-01-12 16:00:00,wind,22.91,881.35,3.33,4830.09,122.69,558.65,2.99
2023-01-12 17:00:00,wind,24.93,735.5,10.97,3122.77,123.23,507.64,678.0
2023-01-12 18:00:00,solar,27.57,240.43,13.75,2903.25,59.75,644.14,128.6
2023-01-12 19:00:00,hydro,36.16,217.45,8.97,4042.91,80.02,665.25,255.4
2023-01-12 20:00:00,hydro,24.21,474.17,9.61,3958.69,113.82,410.1,346.26
2023-01-12 21:00:00,wind,25.67,808.75,9.71,4499.5,118.55,726.12,439.26
2023-01-12 22:00:00,hydro,35.43,853.25,3.15,3405.29,129.17,539.09,333.12
2023-01-12 23:00:00,wind,29.22,783.48,11.8,3201.78,96.51,746.62,803.24
2023-01-13 00:00:00,hydro,23.74,367.51,3.2,4563.82,77.74,550.9,302.75
2023-01-13 01:00:00,wind,25.81,279.99,9.01,4447.4,99.17,780.0,357.92
2023-01-13 02:00:00,hydro,22.44,793.29,7.67,3910.27,87.25,669.51,274.35
2023-01-13 03:00:00,wind,34.05,778.27,14.64,4151.8,108.86,767.3,1561.5
2023-01-13 04:00:00,solar,26.69,999.88,4.21,4529.03,140.22,514.76,488.86
2023-01-13 05:00:00,hydro,36.38,955.23,13.72,4822.75,53.08,713.29,190.9
2023-01-13 06:00:00,hydro,34.51,232.6,13.91,2757.71,98.52,541.84,216.54
2023-01-13 07:00:00,wind,21.46,703.32,4.34,4952.01,97.54,558.49,16.85
2023-01-13 08:00:00,solar,26.86,928.49,10.54,3691.4,115.98,742.88,432.07
2023-01-13 09:00:00,wind,30.46,485.56,5.93,3570.72,66.28,674.49,122.34
2023-01-13 10:00:00,hydro,25.49,921.48,8.62,3593.08,90.84,489.95,288.74
2023-01-13 11:00:00,hydro,35.42,853.78,6.21,3149.31,103.96,639.34,260.67
2023-01-13 12:00:00,wind,36.2,468.2,9.84,3467.65,97.15,763.43,498.17
2023-01-13 13:00:00,hydro,32.04,491.79,12.4,4608.98,102.66,700.49,384.39
2023-01-13 14:00:00,wind,39.99,837.15,10.68,3914.59,124.03,508.52,602.45
2023-01-13 15:00:00,hydro,36.81,833.68,3.44,2785.02,78.39,638.97,164.04
2023-01-13 16:00:00,hydro,39.54,892.63,13.72,2382.83,79.19,594.5,175.9
2023-01-13 17:00:00,solar,34.52,442.92,5.82,2646.34,110.93,603.8,254.08
2023-01-13 18:00:00,wind,33.92,645.45,9.59,3952.67,73.23,706.11,443.17
2023-01-13 19:00:00,solar,39.95,582.53,8.31,2152.82,67.41,464.44,313.97
2023-01-13 20:00:00,hydro,33.74,328.09,10.79,4418.1,55.27,500.81,172.62
2023-01-13 21:00:00,hydro,25.19,578.25,6.49,4516.69,113.62,735.75,405.82
2023-01-13 22:00:00,hydro,30.35,294.4,10.69,3158.29,114.47,674.7,302.39
2023-01-13 23:00:00,wind,30.85,981.66,7.09,4421.6,103.37,602.29,168.38
2023-01-14 00:00:00,hydro,31.28,647.57,14.28,2977.64,71.36,753.65,193.02
2023-01-14 01:00:00,wind,25.57,447.19,3.85,4633.56,56.99,678.72,0.36
2023-01-14 02:00:00,wind,28.23,545.05,9.01,4709.37,70.3,514.79,360.44
2023-01-14 03:00:00,hydro,29.0,808.04,2.12,3679.65,69.46,480.92,197.95
2023-01-14 04:00:00,hydro,27.59,529.1,11.23,3755.31,122.53,607.38,381.22
2023-01-14 05:00:00,hydro,36.8,295.28,8.22,4784.81,87.01,589.23,315.97
2023-01-14 06:00:00,hydro,25.58,982.19,3.02,4057.26,64.81,630.6,194.18
2023-01-14 07:00:00,solar,21.0,474.84,12.32,4797.57,90.41,643.55,229.11
2023-01-14 08:00:00,wind,20.47,330.99,13.17,4323.76,143.3,706.96,1157.27
2023-01-14 09:00:00,wind,28.64,556.67,11.01,2501.52,104.75,685.7,656.42
2023-01-14 10:00:00,hydro,31.82,577.04,6.59,2092.93,103.58,465.71,169.47
2023-01-14 11:00:00,wind,30.93,955.16,8.97,2328.96,79.88,525.46,366.72
2023-01-14 12:00:00,wind,33.74,986.81,8.73,3267.28,121.43,460.75,337.21
2023-01-14 13:00:00,wind,31.81,493.66,7.92,3517.41,86.54,465.99,253.45
2023-01-14 14:00:00,wind,25.76,292.21,7.46,3707.87,54.71,609.1,225.83
2023-01-14 15:00:00,wind,31.22,900.12,14.85,3007.49,68.13,725.98,1617.34
2023-01-14 16:00:00,wind,20.67,916.37,14.91,4282.66,58.43,764.91,1653.38
2023-01-14 17:00:00,hydro,32.48,200.88,14.03,4726.34,136.03,752.5,529.04
2023-01-14 18:00:00,hydro,24.91,499.38,10.73,2961.94,56.23,766.8,150.21
2023-01-14 19:00:00,solar,28.68,536.25,6.32,2101.93,116.06,469.19,284.96
2023-01-14 20:00:00,hydro,30.45,694.26,3.59,4569.18,72.08,741.28,247.64
2023-01-14 21:00:00,wind,37.98,262.55,13.55,2239.88,149.14,768.59,1229.08
2023-01-14 22:00:00,hydro,37.0,774.83,14.16,4176.57,81.64,641.34,264.18
2023-01-14 23:00:00,wind,24.07,481.7,7.85,4989.76,101.01,766.03,224.83
2023-01-15 00:00:00,hydro,39.79,430.91,6.02,4747.97,80.99,533.76,310.85
2023-01-15 01:00:00,hydro,27.33,570.21,9.47,2739.47,75.29,797.45,174.27
2023-01-15 02:00:00,solar,20.77,560.36,11.14,3466.66,73.01,492.21,285.29
2023-01-15 03:00:00,solar,30.89,611.13,2.85,2813.1,80.0,519.75,294.65
2023-01-15 04:00:00,hydro,27.76,442.37,7.97,3024.25,99.35,751.02,243.76
2023-01-15 05:00:00,wind,27.41,959.67,12.94,4221.79,124.42,713.48,1110.04
2023-01-15 06:00:00,solar,30.08,589.87,7.4,4917.29,87.53,632.48,320.8
2023-01-15 07:00:00,wind,35.18,541.79,11.14,4498.59,132.93,505.27,717.26
2023-01-15 08:00:00,wind,35.19,251.09,12.01,2819.48,100.19,663.37,848.8
2023-01-15 09:00:00,wind,22.84,797.73,8.22,4874.73,72.67,445.4,284.25
2023-01-15 10:00:00,solar,38.1,255.64,5.43,3266.98,77.25,619.43,173.71
2023-01-15 11:00:00,hydro,21.48,381.07,4.73,4906.3,59.23,400.79,259.11
2023-01-15 12:00:00,solar,23.85,737.86,7.26,4563.32,130.62,727.61,359.62
2023-01-15 13:00:00,solar,24.07,818.42,9.74,3990.58,146.16,663.72,414.6
2023-01-15 14:00:00,wind,35.6,248.65,14.7,2197.5,61.94,564.97,1609.16
2023-01-15 15:00:00,wind,32.01,359.74,6.78,3399.62,130.25,416.12,147.41
2023-01-15 16:00:00,wind,38.14,213.37,12.44,3798.91,129.51,684.12,976.15
2023-01-15 17:00:00,hydro,27.26,618.28,5.62,3411.55,60.69,738.25,166.88
2023-01-15 18:00:00,wind,29.37,413.85,11.0,3585.29,50.99,685.24,693.33
2023-01-15 19:00:00,hydro,37.69,814.05,14.67,3962.68,137.72,797.92,411.13
2023-01-15 20:00:00,hydro,29.38,553.72,14.85,2197.96,64.74,515.6,108.62
2023-01-15 21:00:00,solar,20.23,395.04,10.47,4791.26,61.65,450.07,206.42
2023-01-15 22:00:00,solar,26.51,245.55,11.69,4672.34,104.56,442.44,123.97
2023-01-15 23:00:00,hydro,35.69,380.58,5.48,2391.87,122.88,665.36,256.94
2023-01-16 00:00:00,solar,33.76,404.55,4.31,4332.01,143.23,675.66,239.75
2023-01-16 01:00:00,hydro,20.35,955.65,7.85,3877.77,89.86,553.57,294.46
2023-01-16 02:00:00,hydro,38.63,799.25,13.52,3907.38,73.67,473.8,223.05
2023-01-16 03:00:00,solar,29.39,829.01,12.52,3549.88,111.2,670.0,389.09
2023-01-16 04:00:00,hydro,23.8,865.5,14.94,2636.39,101.78,799.73,227.77
2023-01-16 05:00:00,wind,34.34,341.68,2.99,2820.07,92.22,650.58,8.25
2023-01-16 06:00:00,hydro,39.54,222.69,4.11,4726.26,125.32,681.66,458.14
2023-01-16 07:00:00,wind,39.25,989.84,7.35,3648.32,127.67,569.8,221.72
2023-01-16 08:00:00,solar,39.78,637.21,10.98,3537.38,119.58,693.76,354.22
2023-01-16 09:00:00,solar,31.57,700.34,13.56,2316.15,116.85,760.0,365.75
2023-01-16 10:00:00,solar,30.35,696.28,8.2,4337.08,59.75,644.56,333.58
2023-01-16 11:00:00,wind,31.93,904.98,3.63,4801.72,77.83,593.15,42.49
2023-01-16 12:00:00,solar,22.77,725.64,6.17,3905.17,74.91,640.99,372.56
2023-01-16 13:00:00,hydro,24.76,575.63,11.11,4847.4,74.31,504.02,272.68
2023-01-16 14:00:00,hydro,20.43,223.85,5.61,2887.77,86.03,734.3,193.16
2023-01-16 15:00:00,hydro,39.7,840.14,6.81,2762.93,55.17,575.56,97.71
2023-01-16 16:00:00,hydro,33.18,949.38,13.19,4174.63,121.14,435.43,400.62
2023-01-16 17:00:00,wind,25.29,435.2,10.57,2066.2,81.08,705.75,576.15
2023-01-16 18:00:00,hydro,20.65,506.41,11.61,2731.37,79.49,719.01,193.91
2023-01-16 19:00:00,solar,39.77,564.76,6.05,3461.15,132.02,651.73,320.31
2023-01-16 20:00:00,solar,31.08,336.28,13.85,4293.84,81.82,514.72,171.05
2023-01-16 21:00:00,wind,33.55,326.55,6.78,2668.79,146.12,459.0,169.43
2023-01-16 22:00:00,solar,32.13,499.69,12.87,3240.75,104.53,437.16,266.63
2023-01-16 23:00:00,solar,29.08,591.12,8.4,2751.62,89.22,649.12,288.84
2023-01-17 00:00:00,hydro,30.38,993.32,9.34,3339.69,132.93,531.21,375.8
2023-01-17 01:00:00,hydro,24.77,940.08,2.67,3434.77,141.9,709.0,405.39
2023-01-17 02:00:00,solar,24.78,419.7,9.61,4279.01,118.35,602.32,224.16
2023-01-17 03:00:00,wind,35.54,354.1,9.34,2882.41,142.16,413.02,427.02
2023-01-17 04:00:00,wind,24.77,890.62,4.14,4203.45,98.13,583.74,29.39
2023-01-17 05:00:00,wind,36.52,694.69,7.52,2052.32,59.93,548.91,211.17
2023-01-17 06:00:00,solar,22.31,708.51,11.11,2519.95,117.35,789.95,336.94
2023-01-17 07:00:00,wind,39.24,289.81,5.99,4848.73,122.41,412.93,101.53
2023-01-17 08:00:00,hydro,25.75,757.91,9.55,4696.95,108.11,707.89,421.52
2023-01-17 09:00:00,hydro,32.97,294.04,5.3,2857.84,52.18,746.74,130.03
2023-01-17 10:00:00,solar,21.77,648.03,11.39,3599.28,134.16,546.6,323.02
2023-01-17 11:00:00,solar,39.52,919.8,2.55,2454.22,63.7,667.4,445.63
2023-01-17 12:00:00,wind,20.85,771.56,4.16,2204.01,120.07,709.19,54.6
2023-01-17 13:00:00,wind,38.92,482.24,6.33,4451.44,75.63,720.93,143.15
2023-01-17 14:00:00,hydro,31.17,272.61,3.53,3304.09,138.81,486.82,339.63
2023-01-17 15:00:00,solar,38.39,401.44,11.6,4134.97,89.2,791.44,212.19
2023-01-17 16:00:00,solar,23.3,843.13,3.97,3446.39,149.31,771.43,391.92
2023-01-17 17:00:00,hydro,24.86,491.9,9.18,3143.13,56.08,692.18,112.28
2023-01-17 18:00:00,hydro,31.19,855.17,2.19,4007.4,85.49,611.39,294.69
2023-01-17 19:00:00,wind,20.45,281.45,3.47,4139.89,65.63,798.21,13.96
2023-01-17 20:00:00,wind,29.9,780.49,5.27,4059.03,132.82,767.02,78.93
2023-01-17 21:00:00,hydro,36.47,218.91,9.96,4803.54,58.97,522.24,238.97
2023-01-17 22:00:00,wind,30.19,274.78,5.91,4236.81,71.6,793.23,122.75
2023-01-17 23:00:00,solar,37.79,692.24,13.81,3193.35,79.41,514.24,343.01
2023-01-18 00:00:00,wind,34.14,462.48,5.78,3289.65,134.95,658.07,99.51
2023-01-18 01:00:00,solar,25.53,475.73,6.06,3606.79,140.41,677.12,234.57
2023-01-18 02:00:00,wind,28.34,544.33,8.54,4080.87,144.91,426.08,336.76
2023-01-18 03:00:00,hydro,22.2,395.39,12.64,3792.48,60.28,745.85,172.08
2023-01-18 04:00:00,solar,39.02,350.48,14.27,2313.57,57.91,512.09,220.23
2023-01-18 05:00:00,solar,25.83,285.66,3.05,4620.7,131.28,631.8,161.57
2023-01-18 06:00:00,solar,24.12,551.69,14.17,2030.96,62.77,504.85,276.14
2023-01-18 07:00:00,solar,37.67,582.65,5.95,2426.15,59.43,483.36,319.81
2023-01-18 08:00:00,hydro,37.19,721.2,8.33,4669.66,58.27,712.38,190.19
2023-01-18 09:00:00,solar,22.06,724.21,7.99,4608.51,125.57,667.05,338.25
2023-01-18 10:00:00,solar,33.66,224.94,11.94,4364.35,96.01,497.15,158.68
2023-01-18 11:00:00,hydro,21.81,756.88,2.58,3818.76,69.27,679.95,240.14
2023-01-18 12:00:00,wind,21.66,375.76,7.19,3197.31,129.97,550.38,203.36
2023-01-18 13:00:00,hydro,38.99,459.55,8.81,4154.5,91.57,626.76,284.95
2023-01-18 14:00:00,wind,23.43,420.54,2.6,2806.44,146.39,436.32,26.72
2023-01-18 15:00:00,hydro,34.32,476.27,5.83,2937.37,120.71,403.45,278.67
2023-01-18 16:00:00,solar,20.34,511.26,12.75,2982.52,117.59,667.32,261.65
2023-01-18 17:00:00,solar,20.91,536.52,7.01,4506.99,109.86,620.34,269.85
2023-01-18 18:00:00,wind,20.94,685.02,12.81,4966.41,73.64,611.75,1059.14
2023-01-18 19:00:00,wind,29.84,741.24,6.72,2325.02,143.44,611.66,171.41
2023-01-18 20:00:00,wind,34.68,369.97,14.49,3523.81,109.1,748.66,1545.69
2023-01-18 21:00:00,hydro,36.02,786.31,5.86,2682.87,146.64,661.5,290.95
2023-01-18 22:00:00,solar,24.0,740.09,6.71,2110.52,140.22,779.87,362.89
2023-01-18 23:00:00,solar,38.45,776.27,11.06,3673.62,138.28,476.04,379.68
2023-01-19 00:00:00,wind,36.72,497.16,12.04,2577.65,133.05,683.51,895.93
2023-01-19 01:00:00,hydro,24.77,841.82,9.69,3803.34,143.58,486.81,428.47
2023-01-19 02:00:00,wind,34.65,929.6,3.87,2628.45,76.09,700.37,27.55
2023-01-19 03:00:00,hydro,37.73,989.83,9.54,2268.12,93.55,443.93,162.53
2023-01-19 04:00:00,wind,28.05,521.54,3.51,2176.93,102.55,720.86,27.34
2023-01-19 05:00:00,solar,30.58,777.39,14.91,2599.34,56.24,488.67,386.57
2023-01-19 06:00:00,wind,30.59,512.99,12.58,2090.69,98.27,715.45,974.05
2023-01-19 07:00:00,hydro,22.65,388.7,8.04,2246.22,100.05,790.83,207.47
2023-01-19 08:00:00,solar,24.36,538.8,5.47,3798.63,143.34,742.79,259.43
2023-01-19 09:00:00,wind,22.95,865.25,14.91,3701.14,120.91,657.54,1653.3
2023-01-19 10:00:00,hydro,31.39,615.54,8.32,4304.37,111.32,496.66,404.79
2023-01-19 11:00:00,solar,33.42,313.41,3.51,3192.79,110.76,548.33,162.18
2023-01-19 12:00:00,hydro,35.1,841.02,2.46,4281.56,135.54,651.57,440.8
2023-01-19 13:00:00,hydro,31.17,857.76,12.05,4825.04,87.33,435.46,341.98
2023-01-19 14:00:00,wind,36.78,936.14,10.48,2973.84,96.5,580.67,595.88
2023-01-19 15:00:00,wind,31.22,474.88,6.28,4909.57,62.22,792.58,111.54
2023-01-19 16:00:00,wind,25.82,617.41,9.74,4877.35,117.1,712.65,434.56
2023-01-19 17:00:00,wind,20.73,242.52,12.8,3412.88,58.64,524.62,1036.75
2023-01-19 18:00:00,hydro,24.2,458.99,5.7,3223.16,148.22,403.69,376.07
2023-01-19 19:00:00,hydro,29.85,588.06,12.84,2152.73,64.92,678.56,104.12
2023-01-19 20:00:00,hydro,26.62,395.58,2.36,2403.21,140.27,656.9,279.45
2023-01-19 21:00:00,solar,28.73,452.28,14.21,2487.92,83.48,581.06,242.75
2023-01-19 22:00:00,wind,28.5,581.39,14.83,3729.63,123.82,544.24,1636.74
2023-01-19 23:00:00,hydro,35.65,256.93,6.18,4796.79,63.88,730.81,265.18
2023-01-20 00:00:00,hydro,31.42,585.76,2.78,2650.66,68.81,486.0,168.56
2023-01-20 01:00:00,wind,30.53,595.28,9.71,2915.85,90.14,679.66,455.93
2023-01-20 02:00:00,hydro,25.31,856.55,8.46,4645.7,138.37,633.74,516.48
2023-01-20 03:00:00,wind,26.86,288.22,2.45,2393.44,60.96,657.77,36.3
2023-01-20 04:00:00,solar,25.19,734.08,6.46,4375.98,106.59,721.97,357.91
2023-01-20 05:00:00,wind,22.35,316.55,7.52,4218.39,123.16,768.97,216.41
2023-01-20 06:00:00,solar,34.77,982.42,4.77,4432.53,126.51,706.09,483.94
2023-01-20 07:00:00,wind,23.81,404.36,8.56,4077.42,64.68,657.26,336.44
2023-01-20 08:00:00,hydro,25.4,726.63,12.34,2755.1,66.71,522.85,145.83
2023-01-20 09:00:00,wind,35.73,801.06,9.22,3952.97,131.09,602.82,410.3
2023-01-20 10:00:00,solar,37.85,903.73,12.68,3674.27,72.46,642.35,464.24
2023-01-20 11:00:00,hydro,35.43,308.96,4.24,4598.96,142.96,665.08,533.5
2023-01-20 12:00:00,wind,22.97,274.62,5.65,2708.66,117.88,764.84,69.04
2023-01-20 13:00:00,wind,25.23,611.23,11.77,4990.06,95.28,506.56,815.38
2023-01-20 14:00:00,hydro,37.2,945.06,4.91,4367.21,70.78,551.42,269.35
2023-01-20 15:00:00,hydro,30.01,991.57,8.23,4932.84,149.82,732.23,577.33
2023-01-20 16:00:00,wind,20.62,681.98,12.02,4990.25,63.64,723.56,842.2
2023-01-20 17:00:00,solar,29.57,454.49,11.81,4602.81,100.93,754.76,256.95
2023-01-20 18:00:00,hydro,26.07,592.51,10.47,4314.78,87.05,599.51,289.42
2023-01-20 19:00:00,hydro,33.84,992.19,11.03,3812.54,131.07,651.19,395.5
2023-01-20 20:00:00,solar,36.28,492.49,8.15,4680.31,130.06,677.96,260.53
2023-01-20 21:00:00,wind,29.0,447.12,14.2,3235.98,118.19,612.9,1419.15
2023-01-20 22:00:00,solar,29.78,255.42,7.23,4437.38,78.4,579.23,137.31
2023-01-20 23:00:00,solar,38.13,307.77,9.83,2038.15,114.73,466.64,172.53
2023-01-21 00:00:00,wind,36.97,910.06,2.4,3265.3,74.28,698.76,14.45
2023-01-21 01:00:00,solar,32.55,542.63,11.8,2608.86,107.1,490.22,299.77
2023-01-21 02:00:00,solar,28.49,950.21,5.4,4561.02,68.91,796.61,445.52
2023-01-21 03:00:00,solar,26.57,454.01,13.19,2575.18,117.15,700.18,218.78
2023-01-21 04:00:00,solar,26.14,831.24,10.91,4422.27,113.31,678.6,388.78
2023-01-21 05:00:00,hydro,36.74,682.14,11.16,3968.04,90.4,603.51,314.22
2023-01-21 06:00:00,wind,29.63,979.88,7.21,4318.9,122.32,452.32,206.09
2023-01-21 07:00:00,hydro,23.08,525.81,3.54,2457.63,107.98,464.14,205.44
2023-01-21 08:00:00,wind,24.42,712.29,12.85,3236.67,114.91,707.26,1059.2
2023-01-21 09:00:00,wind,27.01,984.28,10.94,4005.49,50.43,468.29,643.05
2023-01-21 10:00:00,wind,30.58,644.36,13.98,4496.87,58.27,478.45,1362.65
2023-01-21 11:00:00,hydro,21.33,402.24,12.51,4272.68,73.96,563.07,271.44
2023-01-21 12:00:00,hydro,24.04,953.37,2.55,3186.44,60.0,557.46,176.96
2023-01-21 13:00:00,wind,25.9,945.68,14.05,3635.9,91.98,612.99,1395.44
2023-01-21 14:00:00,wind,25.04,737.5,10.29,4047.87,129.69,445.96,516.93
2023-01-21 15:00:00,hydro,39.17,632.22,4.16,4073.9,148.49,661.72,504.36
2023-01-21 16:00:00,wind,34.16,702.88,6.12,4074.32,99.52,794.31,141.95
2023-01-21 17:00:00,hydro,23.34,452.67,6.17,3357.57,128.26,771.48,335.92
2023-01-21 18:00:00,hydro,39.98,962.28,8.7,3603.64,87.55,679.33,260.98
2023-01-21 19:00:00,solar,20.11,523.97,2.99,4170.1,118.01,676.84,259.4
2023-01-21 20:00:00,solar,34.01,864.23,9.76,4325.44,86.25,408.04,416.86
2023-01-21 21:00:00,hydro,36.84,842.25,10.55,3360.59,88.52,599.24,244.86
2023-01-21 22:00:00,solar,21.48,485.5,7.92,3225.3,125.73,682.3,241.54
2023-01-21 23:00:00,hydro,33.89,807.34,4.98,3048.22,143.62,728.32,330.42
2023-01-22 00:00:00,solar,36.88,338.63,14.85,2817.55,88.52,775.12,205.07
2023-01-22 01:00:00,wind,32.95,580.52,2.84,3537.17,98.43,639.37,-12.18
2023-01-22 02:00:00,wind,26.88,493.55,3.69,3504.73,88.73,409.39,38.88
2023-01-22 03:00:00,solar,27.86,287.23,3.16,4034.89,120.33,516.78,173.95
2023-01-22 04:00:00,wind,27.0,735.62,13.25,2770.59,131.9,678.72,1178.97
2023-01-22 05:00:00,solar,32.13,206.12,2.18,3049.15,96.27,612.1,118.69
2023-01-22 06:00:00,hydro,29.37,712.36,8.48,3486.77,130.99,494.26,387.75
2023-01-22 07:00:00,solar,33.9,411.01,3.31,2509.4,102.4,453.38,217.57
2023-01-22 08:00:00,wind,23.71,519.21,5.26,3991.62,129.77,408.0,62.52
2023-01-22 09:00:00,wind,20.7,981.76,12.69,4109.61,72.25,438.1,1035.82
2023-01-22 10:00:00,wind,21.86,832.94,14.42,4074.41,93.62,502.41,1499.48
2023-01-22 11:00:00,wind,27.44,880.1,2.77,4036.18,83.67,588.39,20.27
2023-01-22 12:00:00,solar,20.18,456.55,13.55,4365.33,51.96,514.17,211.53
2023-01-22 13:00:00,wind,39.78,332.91,12.37,4324.59,149.52,547.63,974.39
2023-01-22 14:00:00,solar,21.78,839.71,14.38,4966.24,102.01,543.21,410.47
2023-01-22 15:00:00,hydro,29.99,893.06,10.54,4057.74,55.14,556.92,156.35
2023-01-22 16:00:00,solar,30.55,388.33,12.97,3936.99,84.54,417.55,211.01
2023-01-22 17:00:00,wind,31.58,252.51,8.42,4219.28,65.38,726.12,279.14
2023-01-22 18:00:00,solar,37.13,765.03,14.89,3316.1,110.57,720.78,401.84
2023-01-22 19:00:00,solar,21.71,544.52,10.01,3634.26,74.06,601.97,261.51
2023-01-22 20:00:00,wind,34.55,949.45,7.99,2014.47,108.63,582.95,250.85
2023-01-22 21:00:00,solar,23.66,253.13,8.21,4968.83,68.19,703.27,139.64
2023-01-22 22:00:00,wind,31.41,366.34,4.26,2552.41,69.86,463.97,12.1
2023-01-22 23:00:00,hydro,39.08,807.35,4.26,2699.73,143.2,767.48,331.12
2023-01-23 00:00:00,wind,29.45,891.74,3.91,2124.59,71.59,629.96,33.63
2023-01-23 01:00:00,wind,22.87,736.58,13.31,3847.56,142.88,595.41,1178.29
2023-01-23 02:00:00,hydro,39.29,398.39,12.93,4032.56,134.13,734.41,449.9
2023-01-23 03:00:00,hydro,38.18,405.98,3.6,4825.23,148.52,686.53,556.36
2023-01-23 04:00:00,hydro,21.8,961.19,6.17,3140.72,117.48,760.06,274.93
2023-01-23 05:00:00,hydro,32.72,491.19,9.13,2971.77,75.98,599.69,150.91
2023-01-23 06:00:00,hydro,30.72,588.33,4.61,2629.24,81.46,687.21,149.35
2023-01-23 07:00:00,solar,25.12,749.95,8.27,4963.62,147.5,746.31,367.45
2023-01-23 08:00:00,wind,27.94,382.37,10.75,4131.73,54.91,536.89,596.71
2023-01-23 09:00:00,solar,32.77,720.23,11.5,3410.24,122.83,658.69,372.04
2023-01-23 10:00:00,solar,33.9,765.75,6.91,3101.41,149.57,564.5,402.47
2023-01-23 11:00:00,wind,27.45,755.27,5.73,3961.81,139.73,581.4,75.88
2023-01-23 12:00:00,solar,37.98,901.13,13.93,2213.25,104.43,447.87,433.48
2023-01-23 13:00:00,solar,34.91,385.23,7.87,3043.21,82.36,724.96,228.28
2023-01-23 14:00:00,wind,36.4,791.78,7.43,2145.46,122.89,592.05,178.3
2023-01-23 15:00:00,hydro,20.43,453.94,12.63,2223.44,105.85,797.72,206.56
2023-01-23 16:00:00,wind,29.53,892.61,13.91,3482.82,144.99,773.15,1353.25
2023-01-23 17:00:00,wind,37.2,700.93,6.51,4937.51,89.78,711.33,149.29
2023-01-23 18:00:00,solar,30.97,270.73,7.46,2513.68,144.99,404.63,168.73
2023-01-23 19:00:00,wind,36.52,618.12,7.56,3889.53,108.16,461.28,231.58
2023-01-23 20:00:00,solar,28.3,613.49,10.79,2133.0,111.31,653.95,308.51
2023-01-23 21:00:00,wind,35.01,760.19,12.09,4162.99,128.9,519.55,883.41
2023-01-23 22:00:00,solar,28.21,555.56,4.93,4290.69,92.62,686.01,283.35
2023-01-23 23:00:00,hydro,38.02,983.57,7.27,4890.77,128.49,475.11,513.72
2023-01-24 00:00:00,wind,35.4,768.38,4.25,4081.42,90.78,536.13,25.51
2023-01-24 01:00:00,wind,20.3,316.22,2.64,4891.65,127.21,424.16,-4.5
2023-01-24 02:00:00,solar,39.09,866.47,14.01,3238.93,91.18,589.08,432.09
2023-01-24 03:00:00,hydro,30.8,409.38,5.61,3944.37,114.64,637.91,346.36
2023-01-24 04:00:00,solar,22.29,208.71,2.77,3220.48,120.8,572.22,106.86
2023-01-24 05:00:00,wind,28.19,656.05,2.4,2496.66,73.26,630.37,32.62
2023-01-24 06:00:00,wind,27.39,745.01,11.46,4969.7,71.06,551.87,773.26
2023-01-24 07:00:00,hydro,37.73,780.5,13.69,4695.41,75.79,621.53,270.46
2023-01-24 08:00:00,hydro,32.86,375.8,9.95,4417.22,140.74,533.62,475.23
2023-01-24 09:00:00,hydro,25.0,437.19,11.73,3004.53,67.04,566.54,166.99
2023-01-24 10:00:00,wind,36.78,232.52,13.58,3325.82,96.09,437.84,1226.32
2023-01-24 11:00:00,solar,29.38,931.51,3.33,2009.17,115.32,729.34,468.85
2023-01-24 12:00:00,hydro,36.01,201.43,12.27,4652.1,87.95,536.79,321.56
2023-01-24 13:00:00,wind,38.84,903.86,5.78,4252.98,145.68,556.03,85.04
2023-01-24 14:00:00,wind,22.65,711.97,2.57,2446.86,110.36,732.52,36.43
2023-01-24 15:00:00,wind,33.19,866.28,13.36,4638.73,73.45,446.88,1202.43
2023-01-24 16:00:00,hydro,22.16,370.26,2.76,4651.08,85.96,753.11,329.54
2023-01-24 17:00:00,hydro,28.97,645.5,13.91,2695.87,128.8,779.11,295.53
2023-01-24 18:00:00,solar,22.22,591.38,5.11,2331.32,84.96,768.8,277.09
2023-01-24 19:00:00,wind,34.74,575.9,3.39,3579.75,146.78,704.23,-0.78
2023-01-24 20:00:00,hydro,31.26,438.18,8.86,4348.16,127.74,678.45,474.24
2023-01-24 21:00:00,hydro,27.91,744.0,8.84,4304.35,124.72,647.69,412.8
2023-01-24 22:00:00,solar,38.46,312.59,10.06,4642.96,74.82,613.58,169.78
2023-01-24 23:00:00,hydro,23.22,885.66,11.44,3779.63,119.16,679.97,365.45
2023-01-25 00:00:00,hydro,22.97,615.46,14.11,4051.79,96.64,494.75,330.32
2023-01-25 01:00:00,wind,36.63,385.61,8.85,4777.24,66.52,559.36,355.38
2023-01-25 02:00:00,hydro,35.21,409.55,13.79,2583.35,64.92,631.77,113.81
2023-01-25 03:00:00,wind,31.57,494.15,10.38,2845.78,106.33,621.51,583.54
2023-01-25 04:00:00,solar,30.18,378.29,9.55,2273.35,147.82,484.16,219.5
2023-01-25 05:00:00,hydro,22.19,537.23,7.63,2416.22,142.28,716.97,279.24
2023-01-25 06:00:00,hydro,33.1,294.53,2.96,3879.57,58.13,783.22,178.3
2023-01-25 07:00:00,wind,24.92,524.8,7.21,2559.4,120.9,671.55,162.78
2023-01-25 08:00:00,hydro,26.61,381.23,10.86,4607.19,51.98,529.81,214.6
2023-01-25 09:00:00,hydro,27.76,547.78,6.06,4893.68,78.33,684.13,287.31
2023-01-25 10:00:00,solar,34.88,662.1,5.84,3639.69,148.57,693.26,347.92
2023-01-25 11:00:00,hydro,34.44,849.9,14.2,4271.24,102.25,488.16,368.01
2023-01-25 12:00:00,hydro,27.67,620.71,6.8,2067.13,53.45,468.96,59.89
2023-01-25 13:00:00,wind,22.26,988.34,5.12,2813.42,76.04,438.98,78.16
2023-01-25 14:00:00,wind,22.01,878.63,13.6,4449.56,147.25,783.86,1240.42
2023-01-25 15:00:00,hydro,27.27,244.37,3.89,3062.95,77.58,430.0,161.29
2023-01-25 16:00:00,wind,20.88,694.47,7.63,3168.9,66.67,485.78,224.39
2023-01-25 17:00:00,wind,20.7,638.51,14.54,4944.0,114.01,765.47,1549.41
2023-01-25 18:00:00,hydro,26.64,665.32,12.75,2696.37,106.74,573.19,250.74
2023-01-25 19:00:00,solar,26.55,868.31,3.43,3167.92,93.8,542.01,433.37
2023-01-25 20:00:00,hydro,29.93,342.81,12.85,4249.25,119.95,657.21,385.32
2023-01-25 21:00:00,solar,27.37,776.13,6.03,2268.79,116.79,792.18,371.75
2023-01-25 22:00:00,solar,38.74,691.21,7.13,4218.63,141.54,672.44,359.8
2023-01-25 23:00:00,wind,35.0,645.85,2.08,4202.54,92.83,629.36,-22.48
2023-01-26 00:00:00,hydro,23.92,543.97,12.53,2223.69,109.4,778.82,188.88
2023-01-26 01:00:00,solar,35.25,315.71,12.69,3310.84,121.39,450.8,198.82
2023-01-26 02:00:00,wind,21.22,958.0,11.2,4079.15,131.95,593.44,708.73
2023-01-26 03:00:00,solar,35.25,254.23,11.2,3194.64,134.76,722.72,159.34
2023-01-26 04:00:00,hydro,25.85,393.02,8.25,3667.17,84.03,720.63,251.45
2023-01-26 05:00:00,solar,37.6,498.98,8.27,2124.8,66.25,690.89,269.35
2023-01-26 06:00:00,solar,24.78,679.94,7.34,4214.5,129.13,746.43,350.53
2023-01-26 07:00:00,hydro,39.77,301.83,14.12,2195.09,90.6,534.8,169.04
2023-01-26 08:00:00,solar,29.82,455.85,3.66,2885.33,57.37,409.62,254.02
2023-01-26 09:00:00,wind,26.08,692.92,11.34,4953.91,133.39,773.85,711.56
2023-01-26 10:00:00,wind,21.98,994.51,3.82,3922.08,108.4,610.05,1.69
2023-01-26 11:00:00,wind,33.62,424.7,13.81,4682.92,89.33,629.62,1344.31
2023-01-26 12:00:00,wind,23.47,494.73,7.3,4533.69,143.05,539.45,192.42
2023-01-26 13:00:00,solar,33.47,207.34,12.37,3113.12,79.04,446.16,119.23
2023-01-26 14:00:00,wind,35.57,603.32,4.93,4678.21,82.15,627.34,53.34
2023-01-26 15:00:00,hydro,22.8,203.48,11.7,4310.27,90.4,599.8,320.23
2023-01-26 16:00:00,solar,27.81,980.69,5.06,2705.08,75.21,487.96,471.88
2023-01-26 17:00:00,solar,20.62,818.18,7.98,4180.49,140.54,641.67,412.22
2023-01-26 18:00:00,wind,38.71,408.47,10.84,2421.0,144.79,723.73,633.63
2023-01-26 19:00:00,hydro,28.86,834.51,3.68,4383.36,52.79,485.02,178.03
2023-01-26 20:00:00,hydro,23.44,685.22,6.91,2976.51,51.5,684.6,151.54
2023-01-26 21:00:00,hydro,29.17,804.98,11.07,3197.11,89.76,505.79,202.95
2023-01-26 22:00:00,wind,26.98,249.81,5.27,3960.9,52.39,493.0,79.22
2023-01-26 23:00:00,wind,39.69,734.98,9.29,3602.63,70.23,664.45,388.75
2023-01-27 00:00:00,solar,28.74,717.88,5.28,3913.26,138.39,561.62,347.99
2023-01-27 01:00:00,solar,32.78,855.53,13.67,2081.47,103.98,626.88,428.7
2023-01-27 02:00:00,hydro,27.91,675.91,14.19,2092.85,145.99,674.18,264.9
2023-01-27 03:00:00,solar,36.05,971.13,7.35,3959.68,58.22,512.9,471.83
2023-01-27 04:00:00,solar,38.95,361.88,11.1,4966.06,122.42,683.95,226.59
2023-01-27 05:00:00,wind,31.88,772.57,10.21,2374.65,65.46,604.91,532.43
2023-01-27 06:00:00,wind,35.51,859.13,12.03,2351.8,75.32,756.88,866.78
2023-01-27 07:00:00,hydro,37.07,628.37,8.64,3432.77,83.78,551.68,203.28
2023-01-27 08:00:00,wind,32.72,711.61,14.2,2647.24,130.87,628.5,1413.73
2023-01-27 09:00:00,hydro,22.86,492.27,4.22,3961.4,106.42,786.13,362.25
2023-01-27 10:00:00,solar,30.35,241.16,5.16,4278.86,60.53,526.41,141.28
2023-01-27 11:00:00,wind,24.12,335.16,8.73,3953.79,69.93,671.05,331.72
2023-01-27 12:00:00,wind,20.48,911.43,7.32,2613.73,114.05,780.44,183.43
2023-01-27 13:00:00,hydro,34.32,805.55,5.32,3409.39,80.67,552.37,227.71
2023-01-27 14:00:00,wind,39.82,910.31,2.43,3175.32,124.12,593.38,11.2
2023-01-27 15:00:00,hydro,29.23,397.86,12.37,3348.73,131.09,758.07,354.44
2023-01-27 16:00:00,hydro,29.59,385.49,12.08,3107.19,139.77,618.57,369.7
2023-01-27 17:00:00,hydro,39.48,546.49,5.39,4700.56,56.41,506.38,214.17
2023-01-27 18:00:00,hydro,20.75,206.61,5.04,3331.61,54.94,546.86,166.46
2023-01-27 19:00:00,solar,36.07,964.67,7.15,3940.61,77.81,451.96,476.07
2023-01-27 20:00:00,solar,29.99,316.0,9.95,3492.72,61.67,724.08,171.58
2023-01-27 21:00:00,wind,21.46,721.85,13.33,4670.3,79.74,430.95,1184.84
2023-01-27 22:00:00,wind,29.45,836.1,8.39,4988.1,73.87,493.08,323.25
2023-01-27 23:00:00,wind,37.96,976.31,4.79,4141.39,82.92,581.76,49.52
2023-01-28 00:00:00,solar,27.51,340.51,13.38,4552.75,116.99,771.88,195.56
2023-01-28 01:00:00,solar,24.98,451.84,4.88,4678.65,142.51,631.25,217.7
2023-01-28 02:00:00,wind,25.97,302.5,12.96,3938.32,58.78,521.58,1088.46
2023-01-28 03:00:00,wind,39.36,908.23,9.01,2180.29,84.82,497.78,380.81
2023-01-28 04:00:00,hydro,24.58,881.03,9.82,4262.4,90.03,636.7,312.56
2023-01-28 05:00:00,wind,22.45,552.02,2.82,3947.1,111.25,694.96,-16.5
2023-01-28 06:00:00,wind,30.47,407.63,9.45,3720.82,109.68,544.04,430.82
2023-01-28 07:00:00,wind,24.94,840.84,5.48,4131.38,139.04,734.24,111.21
2023-01-28 08:00:00,solar,30.24,979.14,11.53,4173.02,134.88,664.09,462.99
2023-01-28 09:00:00,hydro,34.7,211.51,13.4,3641.28,73.71,795.89,219.42
2023-01-28 10:00:00,solar,35.53,939.68,5.18,4617.9,108.4,661.1,446.27
2023-01-28 11:00:00,solar,20.19,523.04,2.33,3138.32,123.25,703.26,254.41
2023-01-28 12:00:00,wind,27.72,336.93,3.57,4808.04,61.11,622.47,34.42
2023-01-28 13:00:00,solar,38.62,275.94,12.44,2606.31,140.6,437.97,170.34
2023-01-28 14:00:00,solar,30.4,547.02,7.54,3095.26,82.45,507.06,288.89
2023-01-28 15:00:00,hydro,23.3,744.0,14.09,3113.98,65.95,781.6,142.29
2023-01-28 16:00:00,wind,27.11,355.44,3.05,3930.66,91.81,692.73,12.19
2023-01-28 17:00:00,solar,21.96,263.27,11.63,2641.83,126.81,474.01,125.26
2023-01-28 18:00:00,solar,27.47,515.3,11.95,4102.03,144.89,493.59,249.39
2023-01-28 19:00:00,wind,25.15,685.01,13.18,3064.06,121.42,495.22,1165.39
2023-01-28 20:00:00,hydro,34.15,529.33,2.7,4293.47,106.5,642.79,354.83
2023-01-28 21:00:00,wind,22.86,351.13,9.27,3716.64,127.62,686.76,378.92
2023-01-28 22:00:00,solar,39.06,850.22,8.14,3066.56,141.69,694.7,428.77
2023-01-28 23:00:00,wind,30.6,969.73,8.56,3641.12,125.97,614.71,301.94
2023-01-29 00:00:00,solar,36.57,590.46,2.34,2681.57,83.98,633.08,316.72
2023-01-29 01:00:00,solar,22.34,833.4,5.87,3841.98,80.04,759.7,383.67
2023-01-29 02:00:00,hydro,32.45,379.21,7.34,2844.34,50.72,710.29,131.64
2023-01-29 03:00:00,hydro,33.7,250.63,14.93,4221.13,108.91,626.53,339.18
2023-01-29 04:00:00,solar,32.27,743.06,9.12,3699.13,83.0,477.24,354.38
2023-01-29 05:00:00,solar,27.91,655.91,3.4,4101.09,132.96,628.74,321.11
2023-01-29 06:00:00,solar,35.6,673.39,4.99,3921.92,116.06,509.85,362.39
2023-01-29 07:00:00,hydro,22.6,274.78,12.07,4020.22,148.31,451.09,450.39
2023-01-29 08:00:00,solar,34.58,896.73,14.91,2897.74,73.7,437.55,448.99
2023-01-29 09:00:00,hydro,25.25,330.46,9.98,3343.6,149.67,791.13,399.4
2023-01-29 10:00:00,wind,21.99,279.12,6.61,3078.54,133.58,456.55,157.59
2023-01-29 11:00:00,hydro,34.63,944.42,13.76,4651.42,112.86,422.76,446.51
2023-01-29 12:00:00,solar,30.05,298.29,4.08,2132.45,74.86,607.88,159.66
2023-01-29 13:00:00,hydro,26.68,706.97,2.33,3085.74,131.85,595.31,325.87
2023-01-29 14:00:00,hydro,20.78,319.46,6.44,4159.66,78.12,403.33,274.35
2023-01-29 15:00:00,hydro,26.92,585.04,13.86,2231.35,106.61,707.45,196.92
2023-01-29 16:00:00,hydro,31.95,786.75,12.63,4167.31,89.09,419.34,305.3
2023-01-29 17:00:00,hydro,33.98,389.99,2.53,2781.06,78.03,712.36,172.21
2023-01-29 18:00:00,wind,21.68,694.32,5.65,4603.2,126.92,467.55,104.77
2023-01-29 19:00:00,hydro,32.03,941.47,13.82,2376.87,60.68,581.28,119.53
2023-01-29 20:00:00,wind,34.41,382.29,3.72,3016.84,81.23,523.87,55.52
2023-01-29 21:00:00,solar,37.86,260.43,8.23,2114.72,70.76,705.55,159.62
2023-01-29 22:00:00,solar,32.51,218.19,9.16,2547.98,61.18,467.75,121.18
2023-01-29 23:00:00,wind,29.78,916.23,8.06,3431.21,120.27,470.29,254.46
2023-01-30 00:00:00,solar,39.97,847.44,8.39,3095.12,85.86,521.15,423.04
2023-01-30 01:00:00,wind,34.19,786.24,4.14,3224.25,93.13,602.14,22.68
2023-01-30 02:00:00,hydro,33.58,361.83,10.39,2503.45,94.87,552.4,184.88
2023-01-30 03:00:00,hydro,38.46,893.19,3.88,3699.36,82.22,775.16,224.83
2023-01-30 04:00:00,solar,37.95,457.24,6.71,4143.19,75.38,434.15,244.02
2023-01-30 05:00:00,solar,22.06,285.4,5.12,4078.08,114.39,421.27,136.69
2023-01-30 06:00:00,solar,33.91,716.76,5.98,2686.18,118.2,645.81,379.3
2023-01-30 07:00:00,hydro,27.63,556.95,8.97,3052.42,135.02,450.07,341.15
2023-01-30 08:00:00,hydro,31.3,911.49,12.87,3853.91,116.15,752.24,338.31
2023-01-30 09:00:00,solar,30.08,936.15,14.62,2777.46,81.35,647.78,470.08
2023-01-30 10:00:00,wind,30.25,258.39,7.0,4644.44,112.71,440.87,182.13
2023-01-30 11:00:00,wind,21.23,509.26,2.51,2459.65,72.27,735.85,-19.08
2023-01-30 12:00:00,solar,32.61,538.74,12.86,2783.2,54.8,717.34,301.37
2023-01-30 13:00:00,wind,34.42,497.72,4.6,4836.84,88.23,664.88,74.38
2023-01-30 14:00:00,wind,21.83,355.74,9.75,4135.19,69.82,619.73,478.66
2023-01-30 15:00:00,hydro,28.43,398.0,14.76,4475.48,132.95,682.99,466.07
2023-01-30 16:00:00,solar,25.15,749.6,4.67,4570.94,106.27,694.52,377.52
2023-01-30 17:00:00,hydro,27.52,502.02,12.25,4512.82,137.84,557.48,525.14
2023-01-30 18:00:00,wind,23.13,723.98,4.84,3126.49,61.04,719.66,68.96
2023-01-30 19:00:00,solar,32.87,263.81,2.2,3990.93,61.36,485.2,158.12
2023-01-30 20:00:00,wind,27.47,612.03,11.13,2835.69,82.3,526.14,710.35
2023-01-30 21:00:00,hydro,35.76,645.43,14.11,2310.39,142.31,559.61,288.84
2023-01-30 22:00:00,solar,36.43,659.72,13.76,2647.66,103.41,653.83,321.89
2023-01-30 23:00:00,hydro,36.5,283.94,4.86,3612.18,133.26,690.58,389.64
2023-01-31 00:00:00,solar,22.66,794.84,9.92,4314.53,88.82,656.16,390.2
2023-01-31 01:00:00,hydro,26.39,989.22,5.16,4469.96,136.78,595.28,516.24
2023-01-31 02:00:00,hydro,21.61,830.72,9.41,3935.35,57.48,403.54,166.84
2023-01-31 03:00:00,solar,22.47,270.75,9.11,4130.93,111.09,713.45,154.03
2023-01-31 04:00:00,wind,30.86,668.78,12.47,2847.06,108.14,737.1,982.26
2023-01-31 05:00:00,wind,28.78,236.07,9.13,2520.3,75.43,792.4,375.11
2023-01-31 06:00:00,wind,22.11,784.09,3.0,3922.61,91.87,629.85,16.44
2023-01-31 07:00:00,wind,29.12,752.88,12.25,3776.3,137.11,424.68,892.46
2023-01-31 08:00:00,wind,28.27,482.53,10.29,4847.72,104.16,793.88,544.36
2023-01-31 09:00:00,solar,37.46,617.02,3.98,2940.45,55.91,510.91,306.27
2023-01-31 10:00:00,hydro,29.39,506.99,7.96,2271.74,80.26,767.25,118.72
2023-01-31 11:00:00,wind,20.62,709.27,9.68,2540.36,107.67,729.26,439.53
2023-01-31 12:00:00,solar,38.93,947.75,13.31,3168.01,124.78,568.93,459.72
2023-01-31 13:00:00,hydro,35.53,519.71,11.73,3105.36,139.04,461.45,336.11
2023-01-31 14:00:00,wind,31.48,345.15,3.29,4562.77,68.22,737.41,41.34
2023-01-31 15:00:00,solar,31.83,759.71,8.15,3851.45,61.25,460.5,387.44
2023-01-31 16:00:00,wind,27.46,884.61,8.82,3582.29,64.95,731.07,317.19
2023-01-31 17:00:00,hydro,24.79,715.86,14.71,2231.79,78.62,594.82,137.76
2023-01-31 18:00:00,solar,28.58,305.01,10.72,4558.07,136.9,586.42,169.06
2023-01-31 19:00:00,wind,39.9,418.26,12.66,2069.41,142.03,441.15,1040.13
2023-01-31 20:00:00,solar,33.7,709.2,10.03,4984.39,76.55,725.98,339.63
2023-01-31 21:00:00,wind,35.15,670.68,3.33,4834.36,125.59,679.18,16.54
2023-01-31 22:00:00,wind,29.82,554.89,12.75,3267.59,69.45,456.45,1059.74
2023-01-31 23:00:00,wind,37.58,728.28,11.12,4938.81,148.86,542.61,708.3
2023-02-01 00:00:00,wind,32.72,805.22,14.1,4196.3,85.87,739.66,1381.31
2023-02-01 01:00:00,solar,31.47,380.77,6.74,3753.04,109.22,642.67,208.1
2023-02-01 02:00:00,wind,31.26,817.56,11.69,3735.14,55.47,467.05,783.06
2023-02-01 03:00:00,wind,32.87,898.86,13.31,3748.42,58.29,487.07,1153.67
2023-02-01 04:00:00,hydro,32.61,847.75,5.46,3321.06,138.68,689.36,349.0
2023-02-01 05:00:00,solar,35.4,333.0,12.52,4637.69,58.36,453.22,209.42
2023-02-01 06:00:00,wind,38.36,237.46,4.72,3102.77,72.56,676.1,40.38
2023-02-01 07:00:00,wind,36.02,775.52,6.0,4071.29,135.39,440.56,102.62
2023-02-01 08:00:00,solar,29.83,422.53,4.92,4517.83,86.17,796.79,236.54
2023-02-01 09:00:00,solar,22.67,832.21,14.95,2707.88,123.01,493.19,403.69
2023-02-01 10:00:00,solar,21.97,801.13,9.4,2934.27,67.04,401.53,380.39
2023-02-01 11:00:00,hydro,33.41,330.84,2.66,2990.11,130.94,509.31,287.21
2023-02-01 12:00:00,wind,24.38,220.25,2.32,3178.8,62.61,595.77,28.94
2023-02-01 13:00:00,wind,21.2,313.68,5.8,4106.13,57.32,646.03,103.52
2023-02-01 14:00:00,solar,23.05,573.83,12.73,2333.71,84.34,599.71,285.21
2023-02-01 15:00:00,wind,32.27,862.77,14.55,2255.7,131.0,582.98,1536.62
2023-02-01 16:00:00,solar,32.87,204.7,4.69,2497.65,54.79,433.12,142.92
2023-02-01 17:00:00,wind,38.88,331.16,7.69,2513.01,84.48,499.48,214.91
2023-02-01 18:00:00,wind,22.59,316.49,9.97,2777.84,83.61,581.87,477.12
2023-02-01 19:00:00,solar,38.98,752.9,2.79,2310.75,76.26,727.3,400.83
2023-02-01 20:00:00,wind,31.34,236.67,14.65,2204.6,117.71,675.0,1594.11
2023-02-01 21:00:00,hydro,33.07,554.89,13.37,4385.28,65.4,648.69,204.18
2023-02-01 22:00:00,hydro,21.98,970.95,11.73,4185.83,119.62,420.89,381.93
2023-02-01 23:00:00,solar,37.39,285.18,6.91,4337.37,56.12,534.51,185.42
2023-02-02 00:00:00,solar,24.88,491.23,2.99,2451.76,105.27,715.81,266.4
2023-02-02 01:00:00,wind,23.05,727.98,13.68,2573.17,62.57,712.09,1292.94
2023-02-02 02:00:00,solar,31.81,305.01,10.28,2759.63,86.85,492.92,169.42
2023-02-02 03:00:00,wind,37.44,461.53,14.14,3547.07,133.25,571.08,1399.57
2023-02-02 04:00:00,hydro,31.39,203.81,3.09,4449.59,131.34,457.99,487.97
2023-02-02 05:00:00,solar,29.04,800.68,10.89,4208.46,76.32,731.43,401.24
2023-02-02 06:00:00,wind,39.68,546.13,10.81,4004.16,122.18,498.62,636.68
2023-02-02 07:00:00,wind,22.81,336.83,13.0,2616.74,102.17,642.81,1084.94
2023-02-02 08:00:00,hydro,29.81,301.87,14.89,3690.51,137.4,497.53,396.21
2023-02-02 09:00:00,wind,22.26,227.2,5.52,4885.42,87.13,501.98,59.26
2023-02-02 10:00:00,wind,20.81,888.64,10.02,3910.68,116.12,780.36,523.8
2023-02-02 11:00:00,wind,33.48,650.26,4.19,3298.26,120.24,471.67,65.25
2023-02-02 12:00:00,hydro,31.86,322.06,3.67,2099.23,138.7,689.15,235.06
2023-02-02 13:00:00,hydro,32.07,964.14,6.52,3169.05,115.17,783.0,285.05
2023-02-02 14:00:00,wind,23.1,298.5,9.2,4068.13,139.21,609.45,400.7
2023-02-02 15:00:00,solar,24.13,743.25,6.45,2695.9,126.57,780.92,367.38
2023-02-02 16:00:00,hydro,27.47,204.48,2.13,2163.01,68.92,717.07,97.47
2023-02-02 17:00:00,solar,33.37,569.37,3.21,4573.99,88.58,753.34,295.08
2023-02-02 18:00:00,solar,28.18,491.08,3.38,4745.01,51.84,639.55,254.77
2023-02-02 19:00:00,wind,32.03,855.18,5.21,3158.93,117.46,679.09,64.01
2023-02-02 20:00:00,hydro,29.48,310.99,12.37,2712.72,134.01,585.1,293.76
2023-02-02 21:00:00,wind,35.86,772.04,5.88,4096.56,120.33,489.76,103.23
2023-02-02 22:00:00,hydro,30.56,682.3,13.27,2376.8,133.52,636.72,258.44
2023-02-02 23:00:00,wind,33.52,242.9,13.07,3917.56,133.9,686.27,1144.87
2023-02-03 00:00:00,hydro,23.49,609.82,6.83,3123.57,103.83,548.13,242.25
2023-02-03 01:00:00,solar,24.65,790.71,7.03,3579.55,148.36,689.99,368.39
2023-02-03 02:00:00,solar,22.18,439.27,7.03,2949.51,74.06,433.09,222.18
2023-02-03 03:00:00,solar,28.38,247.06,5.77,2784.92,130.06,558.65,147.12
2023-02-03 04:00:00,solar,37.97,682.53,11.09,2750.89,64.99,434.61,360.18
2023-02-03 05:00:00,hydro,38.5,374.91,8.09,2386.15,114.59,750.63,238.17
2023-02-03 06:00:00,wind,31.49,588.7,4.42,4315.95,52.26,797.86,29.45
2023-02-03 07:00:00,wind,21.25,805.97,2.95,3545.23,96.21,451.66,20.12
2023-02-03 08:00:00,solar,21.09,726.41,7.06,2734.13,66.77,498.06,346.72
2023-02-03 09:00:00,wind,35.9,753.88,2.44,2523.98,141.87,471.59,32.85
2023-02-03 10:00:00,hydro,37.91,925.85,3.97,4375.54,141.84,783.58,488.02
2023-02-03 11:00:00,hydro,24.58,259.08,3.33,2283.43,148.77,493.93,293.14
2023-02-03 12:00:00,hydro,26.37,996.04,5.17,2071.79,103.38,606.14,163.63
2023-02-03 13:00:00,hydro,29.14,578.59,3.53,2399.93,85.69,539.15,172.13
2023-02-03 14:00:00,hydro,28.54,789.32,5.51,3558.85,75.57,492.97,190.08
2023-02-03 15:00:00,solar,27.72,430.06,13.69,2040.31,136.36,707.4,225.4
2023-02-03 16:00:00,hydro,35.7,624.38,7.35,4854.95,116.5,632.62,470.47
2023-02-03 17:00:00,hydro,33.48,389.68,10.22,4985.42,89.99,444.19,357.16
2023-02-03 18:00:00,hydro,28.88,466.86,8.08,3333.28,113.13,428.82,295.86
2023-02-03 19:00:00,hydro,24.23,770.06,2.06,2540.85,94.51,423.78,178.63
2023-02-03 20:00:00,solar,22.1,421.25,8.37,4913.43,115.65,650.8,215.88
2023-02-03 21:00:00,hydro,37.43,904.32,7.5,3493.9,95.62,573.35,295.89
2023-02-03 22:00:00,wind,36.39,358.0,6.07,2687.0,58.07,530.48,93.89
2023-02-03 23:00:00,solar,20.2,975.78,7.55,2916.2,113.91,587.12,448.33
2023-02-04 00:00:00,solar,37.5,955.2,7.64,2624.6,127.1,425.14,485.7
2023-02-04 01:00:00,hydro,22.48,856.54,8.7,3731.31,126.26,751.12,354.51
2023-02-04 02:00:00,solar,29.61,527.59,6.48,2017.24,126.32,711.19,290.59
2023-02-04 03:00:00,wind,26.84,984.91,11.94,2732.08,99.88,604.43,825.38
2023-02-04 04:00:00,hydro,37.74,560.67,10.04,4171.1,132.31,668.39,451.02
2023-02-04 05:00:00,solar,25.88,441.0,2.8,2185.0,79.17,414.41,221.15
2023-02-04 06:00:00,wind,35.89,513.84,6.63,3917.15,140.76,421.58,130.74
2023-02-04 07:00:00,solar,24.43,494.24,9.54,3777.91,110.32,764.97,255.47
2023-02-04 08:00:00,wind,24.0,992.93,13.25,2799.49,93.43,473.72,1188.22
2023-02-04 09:00:00,hydro,37.55,395.37,6.61,3774.53,56.35,469.86,142.12
2023-02-04 10:00:00,solar,28.17,314.57,10.84,4680.47,62.31,791.05,185.91
2023-02-04 11:00:00,wind,22.96,618.25,5.21,2465.42,146.39,725.06,47.69
2023-02-04 12:00:00,wind,29.63,296.05,11.24,2221.53,64.57,643.59,700.01
2023-02-04 13:00:00,solar,38.15,465.8,10.63,4428.36,53.17,692.3,261.94
2023-02-04 14:00:00,solar,22.25,820.71,9.73,4305.22,69.68,791.14,412.21
2023-02-04 15:00:00,wind,28.71,216.31,10.46,3901.63,99.08,406.98,551.44
2023-02-04 16:00:00,hydro,34.68,380.06,8.79,3643.72,81.43,617.11,232.07
2023-02-04 17:00:00,wind,23.73,836.36,8.23,4158.2,144.96,467.3,297.34
2023-02-04 18:00:00,hydro,21.78,490.11,4.7,3213.35,129.41,552.62,324.5
2023-02-04 19:00:00,solar,39.98,761.6,3.06,4069.32,112.02,474.17,400.48
2023-02-04 20:00:00,solar,24.18,383.58,9.39,2205.22,110.2,511.36,196.71
2023-02-04 21:00:00,hydro,21.71,494.2,10.45,3235.08,55.23,667.86,120.7
2023-02-04 22:00:00,hydro,20.82,320.76,2.8,4535.0,56.43,420.1,214.03
2023-02-04 23:00:00,wind,37.65,464.48,11.95,3660.69,67.82,518.56,871.29
2023-02-05 00:00:00,solar,26.66,963.01,8.18,2487.28,149.96,427.8,476.65
2023-02-05 01:00:00,solar,36.15,384.95,2.29,2274.1,78.55,532.62,198.27
2023-02-05 02:00:00,wind,33.5,400.11,3.15,2146.26,144.48,762.94,11.7
2023-02-05 03:00:00,solar,25.03,873.0,7.83,4873.17,147.67,643.5,426.72
2023-02-05 04:00:00,hydro,28.26,218.72,6.4,4055.03,74.31,600.53,235.43
2023-02-05 05:00:00,solar,35.63,633.68,5.39,3208.0,134.51,660.07,310.63
2023-02-05 06:00:00,wind,35.89,267.29,10.81,2176.03,51.95,512.93,611.41
2023-02-05 07:00:00,hydro,20.86,883.69,11.49,2923.66,70.09,659.23,155.79
2023-02-05 08:00:00,hydro,25.34,529.6,5.3,2379.13,65.8,759.61,134.22
2023-02-05 09:00:00,hydro,20.26,211.69,4.63,2104.88,86.9,766.04,149.51
2023-02-05 10:00:00,solar,27.99,413.45,6.97,2136.8,100.69,701.15,226.11
2023-02-05 11:00:00,solar,21.83,663.56,2.51,2111.65,52.21,425.9,319.34
2023-02-05 12:00:00,solar,24.61,580.98,7.39,2717.91,119.91,788.05,301.71
2023-02-05 13:00:00,hydro,20.21,441.35,9.01,3010.25,86.02,450.73,224.33
2023-02-05 14:00:00,wind,28.04,445.81,13.06,2873.76,63.46,404.6,1096.3
2023-02-05 15:00:00,wind,27.62,763.31,11.91,2420.09,91.27,564.06,830.37
2023-02-05 16:00:00,wind,27.75,577.8,9.13,2101.7,77.58,721.94,350.62
2023-02-05 17:00:00,hydro,21.56,494.26,5.14,3073.98,107.58,753.91,250.88
2023-02-05 18:00:00,solar,37.63,437.18,14.13,3706.91,88.72,466.29,251.56
2023-02-05 19:00:00,solar,20.0,750.45,7.12,3013.74,102.26,474.6,371.33
2023-02-05 20:00:00,hydro,22.0,228.39,5.05,2283.66,120.81,528.13,219.06
2023-02-05 21:00:00,hydro,23.11,209.02,12.25,3891.72,70.88,458.93,220.67
2023-02-05 22:00:00,solar,21.66,223.03,3.95,3127.53,55.66,784.94,109.75
2023-02-05 23:00:00,hydro,25.34,956.44,3.25,3409.1,86.12,661.52,225.08
2023-02-06 00:00:00,wind,25.88,577.08,12.24,3177.73,125.27,731.36,903.93
2023-02-06 01:00:00,wind,21.98,809.14,10.9,4339.89,77.34,704.0,620.95
2023-02-06 02:00:00,solar,27.16,770.12,11.69,4592.05,95.26,653.74,366.12
2023-02-06 03:00:00,hydro,34.93,684.49,2.78,4925.33,84.63,616.71,360.27
2023-02-06 04:00:00,wind,34.82,350.22,6.17,4876.69,120.03,409.48,135.9
2023-02-06 05:00:00,solar,28.07,287.74,11.44,3128.05,145.04,560.04,150.66
2023-02-06 06:00:00,hydro,38.68,427.88,9.77,3776.55,73.74,610.59,242.52
2023-02-06 07:00:00,hydro,21.87,829.31,4.9,4119.53,125.9,528.16,395.61
2023-02-06 08:00:00,solar,39.19,567.84,5.2,2423.79,99.15,475.42,313.71
2023-02-06 09:00:00,solar,28.71,704.75,4.24,3913.97,106.39,521.87,351.62
2023-02-06 10:00:00,solar,24.97,802.8,5.86,3862.07,125.46,714.56,403.59
2023-02-06 11:00:00,wind,25.16,469.16,13.15,3690.68,66.59,545.29,1144.75
2023-02-06 12:00:00,hydro,31.6,440.07,2.15,3450.21,69.19,555.57,170.26
2023-02-06 13:00:00,wind,37.3,618.16,9.75,4159.54,130.29,490.86,442.89
2023-02-06 14:00:00,solar,33.24,875.21,12.88,2608.21,109.01,711.72,432.36
2023-02-06 15:00:00,wind,24.55,718.75,11.29,2049.19,79.54,751.34,708.21
2023-02-06 16:00:00,wind,28.7,988.1,14.63,3229.34,129.37,464.12,1550.41
2023-02-06 17:00:00,solar,29.89,918.85,8.42,3142.61,79.98,628.4,453.65
2023-02-06 18:00:00,hydro,39.47,709.47,14.28,4403.14,58.11,516.11,231.05
2023-02-06 19:00:00,hydro,32.52,898.23,10.11,4309.34,119.54,573.58,419.75
2023-02-06 20:00:00,solar,21.13,387.38,14.64,2333.04,81.16,587.52,192.6
2023-02-06 21:00:00,hydro,29.18,299.9,13.56,3228.35,148.86,676.33,379.43
2023-02-06 22:00:00,wind,39.67,671.06,6.95,2622.72,106.75,469.77,184.55
2023-02-06 23:00:00,wind,39.3,879.44,12.3,4264.16,92.85,420.76,915.08
2023-02-07 00:00:00,hydro,37.4,817.36,7.65,3922.6,85.91,728.41,295.72
2023-02-07 01:00:00,solar,35.59,210.58,2.84,2706.8,61.89,646.58,141.86
2023-02-07 02:00:00,hydro,35.41,618.09,3.94,4317.08,58.45,590.52,195.88
2023-02-07 03:00:00,wind,37.66,678.99,2.47,4372.61,73.16,702.46,16.9
2023-02-07 04:00:00,wind,29.3,258.4,4.92,2964.86,144.67,563.67,86.58
2023-02-07 05:00:00,solar,32.7,778.67,3.67,4358.89,147.77,446.17,373.62
2023-02-07 06:00:00,hydro,20.12,763.53,14.73,3087.36,92.01,694.96,226.76
2023-02-07 07:00:00,hydro,33.62,505.0,8.09,2346.47,92.88,472.62,157.23
2023-02-07 08:00:00,hydro,21.44,943.36,13.81,4944.68,61.09,576.05,254.87
2023-02-07 09:00:00,wind,35.82,511.8,6.53,4799.62,129.24,663.05,124.29
2023-02-07 10:00:00,hydro,24.07,602.83,5.78,4040.28,89.57,722.06,307.0
2023-02-07 11:00:00,solar,38.34,542.0,10.71,3439.45,59.19,576.74,303.76
2023-02-07 12:00:00,wind,24.95,364.95,8.33,3043.1,53.41,664.75,273.11
2023-02-07 13:00:00,wind,23.14,217.63,14.96,2776.9,76.96,477.59,1700.61
2023-02-07 14:00:00,solar,37.01,228.52,14.13,2462.68,61.67,761.43,141.69
2023-02-07 15:00:00,hydro,27.54,594.87,7.65,3733.38,126.09,578.32,394.2
2023-02-07 16:00:00,hydro,35.38,400.67,5.59,4857.28,92.34,681.24,352.65
2023-02-07 17:00:00,wind,20.62,430.02,2.79,3268.96,91.46,474.31,-13.16
2023-02-07 18:00:00,solar,27.58,399.32,2.67,4439.69,126.16,488.55,225.59
2023-02-07 19:00:00,solar,21.81,459.96,8.06,3215.01,74.81,477.78,244.08
2023-02-07 20:00:00,hydro,23.54,761.15,3.96,2594.46,107.04,723.93,202.73
2023-02-07 21:00:00,solar,38.07,533.0,14.4,4994.38,139.07,682.94,295.42
2023-02-07 22:00:00,solar,39.85,214.76,7.11,4997.34,66.71,501.12,131.88
2023-02-07 23:00:00,solar,22.61,689.74,10.52,2777.06,107.8,471.49,325.02
2023-02-08 00:00:00,solar,20.01,439.93,4.48,2331.79,66.13,437.05,221.9
2023-02-08 01:00:00,solar,28.5,334.0,9.39,4770.96,113.54,749.25,181.17
2023-02-08 02:00:00,wind,35.13,495.46,7.77,3479.22,139.34,654.28,206.81
2023-02-08 03:00:00,solar,27.14,380.47,10.12,4904.28,97.33,532.21,192.54
2023-02-08 04:00:00,wind,23.32,486.82,6.56,2990.98,102.28,612.58,154.66
2023-02-08 05:00:00,hydro,31.72,530.58,14.2,3568.61,115.79,778.92,300.77
2023-02-08 06:00:00,solar,21.66,293.99,10.52,2575.02,74.37,606.76,175.29
2023-02-08 07:00:00,hydro,25.99,488.19,8.66,3749.6,141.38,448.07,438.93
2023-02-08 08:00:00,solar,33.16,671.34,4.29,4086.65,128.14,529.02,354.36
2023-02-08 09:00:00,hydro,30.65,935.86,8.14,2048.43,93.73,794.35,159.67
2023-02-08 10:00:00,wind,34.06,268.56,4.66,3624.05,119.14,764.52,34.79
2023-02-08 11:00:00,wind,32.01,696.69,5.79,3595.36,146.78,570.53,125.6
2023-02-08 12:00:00,solar,24.73,211.22,3.02,3101.06,125.54,660.35,124.43
2023-02-08 13:00:00,solar,27.71,725.59,14.36,4708.22,143.63,540.0,340.75
2023-02-08 14:00:00,hydro,38.98,520.31,5.2,3608.03,104.0,530.94,280.81
2023-02-08 15:00:00,wind,27.02,918.52,14.88,3663.69,124.72,783.24,1656.21
2023-02-08 16:00:00,wind,24.82,420.12,9.15,2797.61,145.08,442.68,363.0
2023-02-08 17:00:00,solar,37.51,425.96,11.27,4819.85,135.26,403.16,236.46
2023-02-08 18:00:00,solar,25.64,731.42,8.9,2432.55,86.64,520.35,352.89
2023-02-08 19:00:00,solar,32.99,819.13,11.96,4183.33,90.43,777.5,412.6
2023-02-08 20:00:00,wind,20.78,873.56,12.99,2219.77,98.55,533.29,1068.14
2023-02-08 21:00:00,hydro,33.65,838.31,10.35,4411.6,56.24,638.32,188.68
2023-02-08 22:00:00,solar,20.09,720.19,9.25,2953.57,64.96,408.44,348.27
2023-02-08 23:00:00,hydro,25.28,605.07,4.59,2378.03,97.97,426.96,159.08
2023-02-09 00:00:00,hydro,38.08,726.7,2.2,2826.43,75.48,680.66,164.51
2023-02-09 01:00:00,solar,32.76,986.92,6.41,2557.13,139.16,756.46,470.81
2023-02-09 02:00:00,hydro,30.91,690.51,13.46,4637.58,75.68,401.79,286.9
2023-02-09 03:00:00,hydro,39.67,681.11,5.39,4831.22,52.88,529.39,200.94
2023-02-09 04:00:00,wind,25.49,414.33,3.92,4090.11,107.91,735.15,1.85
2023-02-09 05:00:00,solar,34.02,599.46,13.71,3550.25,94.5,461.94,316.87
2023-02-09 06:00:00,hydro,36.56,230.07,11.0,4525.27,58.14,788.78,233.72
2023-02-09 07:00:00,solar,32.22,893.48,12.32,2022.0,96.18,710.8,428.67
2023-02-09 08:00:00,hydro,34.98,680.4,11.68,4870.39,120.22,679.77,472.72
2023-02-09 09:00:00,hydro,23.29,242.87,8.87,4431.44,118.56,718.22,420.01
2023-02-09 10:00:00,hydro,28.61,821.45,10.38,2322.67,97.43,452.62,162.99
2023-02-09 11:00:00,wind,21.88,943.54,4.99,4359.92,72.4,434.29,70.99
2023-02-09 12:00:00,hydro,39.09,947.79,14.65,4124.0,113.03,639.38,366.31
2023-02-09 13:00:00,wind,38.58,455.04,10.67,3400.15,106.67,651.91,613.14
2023-02-09 14:00:00,hydro,27.55,819.66,10.39,3281.68,123.85,551.7,345.67
2023-02-09 15:00:00,hydro,38.58,552.9,2.68,4114.65,110.77,432.61,360.92
2023-02-09 16:00:00,solar,29.48,683.22,4.04,3253.14,80.86,463.57,335.23
2023-02-09 17:00:00,wind,36.56,818.14,10.24,2499.1,64.64,436.17,509.24
2023-02-09 18:00:00,hydro,23.4,501.69,9.79,4513.44,71.71,656.96,257.33
2023-02-09 19:00:00,hydro,39.41,390.12,4.95,2869.68,99.71,570.63,199.73
2023-02-09 20:00:00,solar,36.53,605.29,6.83,3351.54,121.01,706.89,304.29
2023-02-09 21:00:00,solar,27.48,359.86,4.8,4380.08,137.47,523.4,180.46
2023-02-09 22:00:00,solar,22.23,589.44,12.66,3604.57,97.03,731.79,305.44
2023-02-09 23:00:00,solar,23.44,594.67,11.23,2294.76,121.4,401.79,293.07
2023-02-10 00:00:00,hydro,34.41,336.63,11.62,3078.97,127.62,779.0,285.09
2023-02-10 01:00:00,hydro,30.04,767.07,11.76,2870.85,100.68,704.38,236.38
2023-02-10 02:00:00,solar,25.59,994.91,2.75,3314.8,149.75,659.43,490.02
2023-02-10 03:00:00,solar,33.79,759.13,10.45,4853.28,122.55,721.09,399.36
2023-02-10 04:00:00,wind,38.85,731.3,6.67,2408.54,142.45,470.0,158.74
2023-02-10 05:00:00,hydro,24.65,625.54,14.45,3571.93,61.5,474.09,167.27
2023-02-10 06:00:00,solar,21.37,881.37,3.66,4928.7,80.72,718.82,434.37
2023-02-10 07:00:00,wind,39.01,255.16,2.65,2596.78,71.09,740.58,-15.63
2023-02-10 08:00:00,wind,26.26,799.81,10.76,2815.11,68.93,646.65,651.23
2023-02-10 09:00:00,wind,21.64,292.85,4.04,3000.07,122.83,633.47,4.6
2023-02-10 10:00:00,hydro,22.55,974.84,6.86,4430.69,97.5,621.73,339.58
2023-02-10 11:00:00,wind,23.98,530.92,4.85,2062.42,111.6,593.98,50.58
2023-02-10 12:00:00,solar,26.73,401.31,11.64,4589.8,66.06,589.87,217.95
2023-02-10 13:00:00,wind,36.88,759.78,14.27,3601.93,71.9,625.02,1471.25
2023-02-10 14:00:00,solar,27.48,260.84,12.05,4525.0,90.99,784.87,133.34
2023-02-10 15:00:00,hydro,22.14,485.07,4.51,4816.06,61.52,548.61,219.43
2023-02-10 16:00:00,solar,26.34,651.9,5.23,4718.52,108.18,582.2,306.2
2023-02-10 17:00:00,solar,34.46,502.73,7.18,3714.04,77.19,431.99,254.46
2023-02-10 18:00:00,wind,22.83,329.24,11.92,2891.54,141.39,703.48,833.47
2023-02-10 19:00:00,wind,33.46,607.88,14.7,3724.05,106.23,735.31,1594.15
2023-02-10 20:00:00,hydro,21.48,542.12,12.48,3077.41,127.82,400.36,311.52
2023-02-10 21:00:00,solar,38.33,763.82,11.68,2783.29,52.66,586.53,394.39
2023-02-10 22:00:00,solar,26.99,597.25,2.95,4801.33,108.98,715.19,316.25
2023-02-10 23:00:00,solar,38.37,381.82,8.53,2378.75,128.19,489.35,219.34
2023-02-11 00:00:00,wind,29.02,541.74,3.38,2926.13,64.59,622.32,16.73
2023-02-11 01:00:00,solar,25.01,221.48,10.24,4810.78,134.24,704.19,133.13
2023-02-11 02:00:00,solar,35.31,637.82,3.62,2890.7,121.67,406.5,337.97
2023-02-11 03:00:00,hydro,27.17,975.88,7.18,3322.99,127.88,594.8,331.73
2023-02-11 04:00:00,hydro,39.63,649.81,11.67,2160.27,145.26,419.73,228.83
2023-02-11 05:00:00,wind,20.71,366.46,7.4,3087.15,56.15,555.51,195.06
2023-02-11 06:00:00,hydro,20.32,396.9,13.88,3579.12,58.96,539.55,169.41
2023-02-11 07:00:00,solar,37.16,941.29,3.44,2437.64,67.35,619.43,461.44
2023-02-11 08:00:00,wind,23.24,871.24,3.57,3561.64,68.84,440.92,48.36
2023-02-11 09:00:00,solar,27.0,851.04,13.69,3529.69,102.99,412.86,429.77
2023-02-11 10:00:00,hydro,39.07,374.43,3.53,2994.0,51.73,616.56,114.97
2023-02-11 11:00:00,wind,27.49,640.27,10.33,2431.14,64.47,501.79,521.97
2023-02-11 12:00:00,hydro,32.55,382.12,8.49,2377.53,78.1,675.97,171.85
2023-02-11 13:00:00,wind,31.47,201.9,4.83,2286.03,85.51,633.72,40.29
2023-02-11 14:00:00,hydro,39.27,394.44,6.08,4893.91,100.04,541.09,390.06
2023-02-11 15:00:00,solar,24.68,907.4,8.66,4873.05,139.54,730.41,449.57
